id,date,division,sehar_start,sehar_end,ifter
1,2024-03-12,Dhaka,,04:51:00.000,18:10:00.000
2,2024-03-13,Dhaka,,04:50:00.000,18:10:00.000
3,2024-03-14,Dhaka,,04:49:00.000,18:11:00.000
4,2024-03-15,Dhaka,,04:48:00.000,18:11:00.000
5,2024-03-16,Dhaka,,04:47:00.000,18:12:00.000
6,2024-03-17,Dhaka,,04:46:00.000,18:12:00.000
7,2024-03-18,Dhaka,,04:45:00.000,18:12:00.000
8,2024-03-19,Dhaka,,04:44:00.000,18:13:00.000
9,2024-03-20,Dhaka,,04:43:00.000,18:13:00.000
10,2024-03-21,Dhaka,,04:42:00.000,18:13:00.000
11,2025-02-09,Dhaka,,04:41:00.000,18:14:00.000
12,2024-03-23,Dhaka,,04:40:00.000,18:14:00.000
13,2024-03-24,Dhaka,,04:39:00.000,18:14:00.000
14,2024-03-25,Dhaka,,04:38:00.000,18:15:00.000
15,2024-03-26,Dhaka,,04:36:00.000,18:15:00.000
16,2024-03-27,Dhaka,,04:35:00.000,18:16:00.000
17,2024-03-28,Dhaka,,04:34:00.000,18:16:00.000
18,2024-03-29,Dhaka,,04:33:00.000,18:17:00.000
19,2024-03-30,Dhaka,,04:31:00.000,18:17:00.000
20,2024-03-31,Dhaka,,04:30:00.000,18:18:00.000
21,2024-04-01,Dhaka,,04:29:00.000,18:18:00.000
22,2024-04-02,Dhaka,,04:28:00.000,18:19:00.000
23,2024-04-03,Dhaka,,04:27:00.000,18:19:00.000
24,2024-04-04,Dhaka,,04:26:00.000,18:19:00.000
25,2024-04-05,Dhaka,,04:24:00.000,18:20:00.000
26,2024-04-06,Dhaka,,04:24:00.000,18:20:00.000
27,2024-04-07,Dhaka,,04:23:00.000,18:21:00.000
28,2024-04-08,Dhaka,,04:22:00.000,18:21:00.000
29,2024-04-09,Dhaka,,04:21:00.000,18:21:00.000
30,2024-04-10,Dhaka,,04:20:00.000,18:22:00.000
31,2024-03-12,Comilla,,04:48:00.000,18:06:00.000
32,2024-03-13,Comilla,,04:47:00.000,18:06:00.000
33,2024-03-14,Comilla,,04:46:00.000,18:07:00.000
34,2024-03-15,Comilla,,04:45:00.000,18:07:00.000
35,2024-03-16,Comilla,,04:44:00.000,18:08:00.000
36,2024-03-17,Comilla,,04:43:00.000,18:08:00.000
37,2024-03-18,Comilla,,04:42:00.000,18:08:00.000
38,2024-03-19,Comilla,,04:41:00.000,18:09:00.000
39,2024-03-20,Comilla,,04:40:00.000,18:09:00.000
40,2024-03-21,Comilla,,04:39:00.000,18:09:00.000
41,2024-03-22,Comilla,,04:38:00.000,18:10:00.000
42,2024-03-23,Comilla,,04:37:00.000,18:10:00.000
43,2024-03-24,Comilla,,04:36:00.000,18:10:00.000
44,2024-03-25,Comilla,,04:35:00.000,18:11:00.000
45,2024-03-26,Comilla,,04:33:00.000,18:11:00.000
46,2024-03-27,Comilla,,04:32:00.000,18:12:00.000
47,2024-03-28,Comilla,,04:31:00.000,18:12:00.000
48,2024-03-29,Comilla,,04:30:00.000,18:13:00.000
49,2024-03-30,Comilla,,04:28:00.000,18:13:00.000
50,2024-03-31,Comilla,,04:27:00.000,18:14:00.000
51,2024-04-01,Comilla,,04:26:00.000,18:14:00.000
52,2024-04-02,Comilla,,04:25:00.000,18:15:00.000
53,2024-04-03,Comilla,,04:24:00.000,18:15:00.000
54,2024-04-04,Comilla,,04:23:00.000,18:15:00.000
55,2024-04-05,Comilla,,04:21:00.000,18:16:00.000
56,2024-04-06,Comilla,,04:21:00.000,18:16:00.000
57,2024-04-07,Comilla,,04:20:00.000,18:17:00.000
58,2024-04-08,Comilla,,04:19:00.000,18:17:00.000
59,2024-04-09,Comilla,,04:18:00.000,18:17:00.000
60,2024-04-10,Comilla,,04:17:00.000,18:18:00.000
61,2024-03-12,Feni,,04:48:00.000,18:05:00.000
62,2024-03-13,Feni,,04:47:00.000,18:05:00.000
63,2024-03-14,Feni,,04:46:00.000,18:06:00.000
64,2024-03-15,Feni,,04:45:00.000,18:06:00.000
65,2024-03-16,Feni,,04:44:00.000,18:07:00.000
66,2024-03-17,Feni,,04:43:00.000,18:07:00.000
67,2024-03-18,Feni,,04:42:00.000,18:07:00.000
68,2024-03-19,Feni,,04:41:00.000,18:08:00.000
69,2024-03-20,Feni,,04:40:00.000,18:08:00.000
70,2024-03-21,Feni,,04:39:00.000,18:08:00.000
71,2024-03-22,Feni,,04:38:00.000,18:09:00.000
72,2024-03-23,Feni,,04:37:00.000,18:09:00.000
73,2024-03-24,Feni,,04:36:00.000,18:09:00.000
74,2024-03-25,Feni,,04:35:00.000,18:10:00.000
75,2024-03-26,Feni,,04:33:00.000,18:10:00.000
76,2024-03-27,Feni,,04:32:00.000,18:11:00.000
77,2024-03-28,Feni,,04:31:00.000,18:11:00.000
78,2024-03-29,Feni,,04:30:00.000,18:12:00.000
79,2024-03-30,Feni,,04:28:00.000,18:12:00.000
80,2024-03-31,Feni,,04:27:00.000,18:13:00.000
81,2024-04-01,Feni,,04:26:00.000,18:13:00.000
82,2024-04-02,Feni,,04:25:00.000,18:14:00.000
83,2024-04-03,Feni,,04:24:00.000,18:14:00.000
84,2024-04-04,Feni,,04:23:00.000,18:14:00.000
85,2024-04-05,Feni,,04:21:00.000,18:15:00.000
86,2024-04-06,Feni,,04:21:00.000,18:15:00.000
87,2024-04-07,Feni,,04:20:00.000,18:16:00.000
88,2024-04-08,Feni,,04:19:00.000,18:16:00.000
89,2024-04-09,Feni,,04:18:00.000,18:16:00.000
90,2024-04-10,Feni,,04:17:00.000,18:17:00.000
91,2024-03-12,Brahmanbaria,,04:48:00.000,18:07:00.000
92,2024-03-13,Brahmanbaria,,04:47:00.000,18:07:00.000
93,2024-03-14,Brahmanbaria,,04:46:00.000,18:08:00.000
94,2024-03-15,Brahmanbaria,,04:45:00.000,18:08:00.000
95,2024-03-16,Brahmanbaria,,04:44:00.000,18:09:00.000
96,2024-03-17,Brahmanbaria,,04:43:00.000,18:09:00.000
97,2024-03-18,Brahmanbaria,,04:42:00.000,18:09:00.000
98,2024-03-19,Brahmanbaria,,04:41:00.000,18:10:00.000
99,2024-03-20,Brahmanbaria,,04:40:00.000,18:10:00.000
100,2024-03-21,Brahmanbaria,,04:39:00.000,18:10:00.000
101,2024-03-22,Brahmanbaria,,04:38:00.000,18:11:00.000
102,2024-03-23,Brahmanbaria,,04:37:00.000,18:11:00.000
103,2024-03-24,Brahmanbaria,,04:36:00.000,18:11:00.000
104,2024-03-25,Brahmanbaria,,04:35:00.000,18:12:00.000
105,2024-03-26,Brahmanbaria,,04:33:00.000,18:12:00.000
106,2024-03-27,Brahmanbaria,,04:32:00.000,18:13:00.000
107,2024-03-28,Brahmanbaria,,04:31:00.000,18:13:00.000
108,2024-03-29,Brahmanbaria,,04:30:00.000,18:14:00.000
109,2024-03-30,Brahmanbaria,,04:28:00.000,18:14:00.000
110,2024-03-31,Brahmanbaria,,04:27:00.000,18:15:00.000
111,2024-04-01,Brahmanbaria,,04:26:00.000,18:15:00.000
112,2024-04-02,Brahmanbaria,,04:25:00.000,18:16:00.000
113,2024-04-03,Brahmanbaria,,04:24:00.000,18:16:00.000
114,2024-04-04,Brahmanbaria,,04:23:00.000,18:16:00.000
115,2024-04-05,Brahmanbaria,,04:21:00.000,18:17:00.000
116,2024-04-06,Brahmanbaria,,04:21:00.000,18:17:00.000
117,2024-04-07,Brahmanbaria,,04:20:00.000,18:18:00.000
118,2024-04-08,Brahmanbaria,,04:19:00.000,18:18:00.000
119,2024-04-09,Brahmanbaria,,04:18:00.000,18:18:00.000
120,2024-04-10,Brahmanbaria,,04:17:00.000,18:19:00.000
121,2024-03-12,Rangamati,,04:45:00.000,18:02:00.000
122,2024-03-13,Rangamati,,04:44:00.000,18:02:00.000
123,2024-03-14,Rangamati,,04:43:00.000,18:03:00.000
124,2024-03-15,Rangamati,,04:42:00.000,18:03:00.000
125,2024-03-16,Rangamati,,04:41:00.000,18:04:00.000
126,2024-03-17,Rangamati,,04:40:00.000,18:04:00.000
127,2024-03-18,Rangamati,,04:39:00.000,18:04:00.000
128,2024-03-19,Rangamati,,04:38:00.000,18:05:00.000
129,2024-03-20,Rangamati,,04:37:00.000,18:05:00.000
130,2024-03-21,Rangamati,,04:36:00.000,18:05:00.000
131,2024-03-22,Rangamati,,04:35:00.000,18:06:00.000
132,2024-03-23,Rangamati,,04:34:00.000,18:06:00.000
133,2024-03-24,Rangamati,,04:33:00.000,18:06:00.000
134,2024-03-25,Rangamati,,04:32:00.000,18:07:00.000
135,2024-03-26,Rangamati,,04:30:00.000,18:07:00.000
136,2024-03-27,Rangamati,,04:29:00.000,18:08:00.000
137,2024-03-28,Rangamati,,04:28:00.000,18:08:00.000
138,2024-03-29,Rangamati,,04:27:00.000,18:09:00.000
139,2024-03-30,Rangamati,,04:25:00.000,18:09:00.000
140,2024-03-31,Rangamati,,04:24:00.000,18:10:00.000
141,2024-04-01,Rangamati,,04:23:00.000,18:10:00.000
142,2024-04-02,Rangamati,,04:22:00.000,18:11:00.000
143,2024-04-03,Rangamati,,04:21:00.000,18:11:00.000
144,2024-04-04,Rangamati,,04:20:00.000,18:11:00.000
145,2024-04-05,Rangamati,,04:18:00.000,18:12:00.000
146,2024-04-06,Rangamati,,04:18:00.000,18:12:00.000
147,2024-04-07,Rangamati,,04:17:00.000,18:13:00.000
148,2024-04-08,Rangamati,,04:16:00.000,18:13:00.000
149,2024-04-09,Rangamati,,04:15:00.000,18:13:00.000
150,2024-04-10,Rangamati,,04:14:00.000,18:14:00.000
151,2024-03-12,Noakhali,,04:49:00.000,18:07:00.000
152,2024-03-13,Noakhali,,04:48:00.000,18:07:00.000
153,2024-03-14,Noakhali,,04:47:00.000,18:08:00.000
154,2024-03-15,Noakhali,,04:46:00.000,18:08:00.000
155,2024-03-16,Noakhali,,04:45:00.000,18:09:00.000
156,2024-03-17,Noakhali,,04:44:00.000,18:09:00.000
157,2024-03-18,Noakhali,,04:43:00.000,18:09:00.000
158,2024-03-19,Noakhali,,04:42:00.000,18:10:00.000
159,2024-03-20,Noakhali,,04:41:00.000,18:10:00.000
160,2024-03-21,Noakhali,,04:40:00.000,18:10:00.000
161,2024-03-22,Noakhali,,04:39:00.000,18:11:00.000
162,2024-03-23,Noakhali,,04:38:00.000,18:11:00.000
163,2024-03-24,Noakhali,,04:37:00.000,18:11:00.000
164,2024-03-25,Noakhali,,04:36:00.000,18:12:00.000
165,2024-03-26,Noakhali,,04:34:00.000,18:12:00.000
166,2024-03-27,Noakhali,,04:33:00.000,18:13:00.000
167,2024-03-28,Noakhali,,04:32:00.000,18:13:00.000
168,2024-03-29,Noakhali,,04:31:00.000,18:14:00.000
169,2024-03-30,Noakhali,,04:29:00.000,18:14:00.000
170,2024-03-31,Noakhali,,04:28:00.000,18:15:00.000
171,2024-04-01,Noakhali,,04:27:00.000,18:15:00.000
172,2024-04-02,Noakhali,,04:26:00.000,18:16:00.000
173,2024-04-03,Noakhali,,04:25:00.000,18:16:00.000
174,2024-04-04,Noakhali,,04:24:00.000,18:16:00.000
175,2024-04-05,Noakhali,,04:22:00.000,18:17:00.000
176,2024-04-06,Noakhali,,04:22:00.000,18:17:00.000
177,2024-04-07,Noakhali,,04:21:00.000,18:18:00.000
178,2024-04-08,Noakhali,,04:20:00.000,18:18:00.000
179,2024-04-09,Noakhali,,04:19:00.000,18:18:00.000
180,2024-04-10,Noakhali,,04:18:00.000,18:19:00.000
181,2024-03-12,Chandpur,,04:50:00.000,18:09:00.000
182,2024-03-13,Chandpur,,04:49:00.000,18:09:00.000
183,2024-03-14,Chandpur,,04:48:00.000,18:10:00.000
184,2024-03-15,Chandpur,,04:47:00.000,18:10:00.000
185,2024-03-16,Chandpur,,04:46:00.000,18:11:00.000
186,2024-03-17,Chandpur,,04:45:00.000,18:11:00.000
187,2024-03-18,Chandpur,,04:44:00.000,18:11:00.000
188,2024-03-19,Chandpur,,04:43:00.000,18:12:00.000
189,2024-03-20,Chandpur,,04:42:00.000,18:12:00.000
190,2024-03-21,Chandpur,,04:41:00.000,18:12:00.000
191,2024-03-22,Chandpur,,04:40:00.000,18:13:00.000
192,2024-03-23,Chandpur,,04:39:00.000,18:13:00.000
193,2024-03-24,Chandpur,,04:38:00.000,18:13:00.000
194,2024-03-25,Chandpur,,04:37:00.000,18:14:00.000
195,2024-03-26,Chandpur,,04:35:00.000,18:14:00.000
196,2024-03-27,Chandpur,,04:34:00.000,18:15:00.000
197,2024-03-28,Chandpur,,04:33:00.000,18:15:00.000
198,2024-03-29,Chandpur,,04:32:00.000,18:16:00.000
199,2024-03-30,Chandpur,,04:30:00.000,18:16:00.000
200,2024-03-31,Chandpur,,04:29:00.000,18:17:00.000
201,2024-04-01,Chandpur,,04:28:00.000,18:17:00.000
202,2024-04-02,Chandpur,,04:27:00.000,18:18:00.000
203,2024-04-03,Chandpur,,04:26:00.000,18:18:00.000
204,2024-04-04,Chandpur,,04:25:00.000,18:18:00.000
205,2024-04-05,Chandpur,,04:23:00.000,18:19:00.000
206,2024-04-06,Chandpur,,04:23:00.000,18:19:00.000
207,2024-04-07,Chandpur,,04:22:00.000,18:20:00.000
208,2024-04-08,Chandpur,,04:21:00.000,18:20:00.000
209,2024-04-09,Chandpur,,04:20:00.000,18:20:00.000
210,2024-04-10,Chandpur,,04:19:00.000,18:21:00.000
211,2024-03-12,Lakshmipur,,04:50:00.000,18:08:00.000
212,2024-03-13,Lakshmipur,,04:49:00.000,18:08:00.000
213,2024-03-14,Lakshmipur,,04:48:00.000,18:09:00.000
214,2024-03-15,Lakshmipur,,04:47:00.000,18:09:00.000
215,2024-03-16,Lakshmipur,,04:46:00.000,18:10:00.000
216,2024-03-17,Lakshmipur,,04:45:00.000,18:10:00.000
217,2024-03-18,Lakshmipur,,04:44:00.000,18:10:00.000
218,2024-03-19,Lakshmipur,,04:43:00.000,18:11:00.000
219,2024-03-20,Lakshmipur,,04:42:00.000,18:11:00.000
220,2024-03-21,Lakshmipur,,04:41:00.000,18:11:00.000
221,2024-03-22,Lakshmipur,,04:40:00.000,18:12:00.000
222,2024-03-23,Lakshmipur,,04:39:00.000,18:12:00.000
223,2024-03-24,Lakshmipur,,04:38:00.000,18:12:00.000
224,2024-03-25,Lakshmipur,,04:37:00.000,18:13:00.000
225,2024-03-26,Lakshmipur,,04:35:00.000,18:13:00.000
226,2024-03-27,Lakshmipur,,04:34:00.000,18:14:00.000
227,2024-03-28,Lakshmipur,,04:33:00.000,18:14:00.000
228,2024-03-29,Lakshmipur,,04:32:00.000,18:15:00.000
229,2024-03-30,Lakshmipur,,04:30:00.000,18:15:00.000
230,2024-03-31,Lakshmipur,,04:29:00.000,18:16:00.000
231,2024-04-01,Lakshmipur,,04:28:00.000,18:16:00.000
232,2024-04-02,Lakshmipur,,04:27:00.000,18:17:00.000
233,2024-04-03,Lakshmipur,,04:26:00.000,18:17:00.000
234,2024-04-04,Lakshmipur,,04:25:00.000,18:17:00.000
235,2024-04-05,Lakshmipur,,04:23:00.000,18:18:00.000
236,2024-04-06,Lakshmipur,,04:23:00.000,18:18:00.000
237,2024-04-07,Lakshmipur,,04:22:00.000,18:19:00.000
238,2024-04-08,Lakshmipur,,04:21:00.000,18:19:00.000
239,2024-04-09,Lakshmipur,,04:20:00.000,18:19:00.000
240,2024-04-10,Lakshmipur,,04:19:00.000,18:20:00.000
241,2024-03-12,Chittagong,,04:46:00.000,18:04:00.000
242,2024-03-13,Chittagong,,04:45:00.000,18:04:00.000
243,2024-03-14,Chittagong,,04:44:00.000,18:05:00.000
244,2024-03-15,Chittagong,,04:43:00.000,18:05:00.000
245,2024-03-16,Chittagong,,04:42:00.000,18:06:00.000
246,2024-03-17,Chittagong,,04:41:00.000,18:06:00.000
247,2024-03-18,Chittagong,,04:40:00.000,18:06:00.000
248,2024-03-19,Chittagong,,04:39:00.000,18:07:00.000
249,2024-03-20,Chittagong,,04:38:00.000,18:07:00.000
250,2024-03-21,Chittagong,,04:37:00.000,18:07:00.000
251,2024-03-22,Chittagong,,04:36:00.000,18:08:00.000
252,2024-03-23,Chittagong,,04:35:00.000,18:08:00.000
253,2024-03-24,Chittagong,,04:34:00.000,18:08:00.000
254,2024-03-25,Chittagong,,04:33:00.000,18:09:00.000
255,2024-03-26,Chittagong,,04:31:00.000,18:09:00.000
256,2024-03-27,Chittagong,,04:30:00.000,18:10:00.000
257,2024-03-28,Chittagong,,04:29:00.000,18:10:00.000
258,2024-03-29,Chittagong,,04:28:00.000,18:11:00.000
259,2024-03-30,Chittagong,,04:26:00.000,18:11:00.000
260,2024-03-31,Chittagong,,04:25:00.000,18:12:00.000
261,2024-04-01,Chittagong,,04:24:00.000,18:12:00.000
262,2024-04-02,Chittagong,,04:23:00.000,18:13:00.000
263,2024-04-03,Chittagong,,04:22:00.000,18:13:00.000
264,2024-04-04,Chittagong,,04:21:00.000,18:13:00.000
265,2024-04-05,Chittagong,,04:19:00.000,18:14:00.000
266,2024-04-06,Chittagong,,04:19:00.000,18:14:00.000
267,2024-04-07,Chittagong,,04:18:00.000,18:15:00.000
268,2024-04-08,Chittagong,,04:17:00.000,18:15:00.000
269,2024-04-09,Chittagong,,04:16:00.000,18:15:00.000
270,2024-04-10,Chittagong,,04:15:00.000,18:16:00.000
271,2024-03-12,Coxsbazar,,04:47:00.000,18:03:00.000
272,2024-03-13,Coxsbazar,,04:46:00.000,18:03:00.000
273,2024-03-14,Coxsbazar,,04:45:00.000,18:04:00.000
274,2024-03-15,Coxsbazar,,04:44:00.000,18:04:00.000
275,2024-03-16,Coxsbazar,,04:43:00.000,18:05:00.000
276,2024-03-17,Coxsbazar,,04:42:00.000,18:05:00.000
277,2024-03-18,Coxsbazar,,04:41:00.000,18:05:00.000
278,2024-03-19,Coxsbazar,,04:40:00.000,18:06:00.000
279,2024-03-20,Coxsbazar,,04:39:00.000,18:06:00.000
280,2024-03-21,Coxsbazar,,04:38:00.000,18:06:00.000
281,2024-03-22,Coxsbazar,,04:37:00.000,18:07:00.000
282,2024-03-23,Coxsbazar,,04:36:00.000,18:07:00.000
283,2024-03-24,Coxsbazar,,04:35:00.000,18:07:00.000
284,2024-03-25,Coxsbazar,,04:34:00.000,18:08:00.000
285,2024-03-26,Coxsbazar,,04:32:00.000,18:08:00.000
286,2024-03-27,Coxsbazar,,04:31:00.000,18:09:00.000
287,2024-03-28,Coxsbazar,,04:30:00.000,18:09:00.000
288,2024-03-29,Coxsbazar,,04:29:00.000,18:10:00.000
289,2024-03-30,Coxsbazar,,04:27:00.000,18:10:00.000
290,2024-03-31,Coxsbazar,,04:26:00.000,18:11:00.000
291,2024-04-01,Coxsbazar,,04:25:00.000,18:11:00.000
292,2024-04-02,Coxsbazar,,04:24:00.000,18:12:00.000
293,2024-04-03,Coxsbazar,,04:23:00.000,18:12:00.000
294,2024-04-04,Coxsbazar,,04:22:00.000,18:12:00.000
295,2024-04-05,Coxsbazar,,04:20:00.000,18:13:00.000
296,2024-04-06,Coxsbazar,,04:20:00.000,18:13:00.000
297,2024-04-07,Coxsbazar,,04:19:00.000,18:14:00.000
298,2024-04-08,Coxsbazar,,04:18:00.000,18:14:00.000
299,2024-04-09,Coxsbazar,,04:17:00.000,18:14:00.000
300,2024-04-10,Coxsbazar,,04:16:00.000,18:15:00.000
301,2024-03-12,Khagrachhari,,04:45:00.000,18:03:00.000
302,2024-03-13,Khagrachhari,,04:44:00.000,18:03:00.000
303,2024-03-14,Khagrachhari,,04:43:00.000,18:04:00.000
304,2024-03-15,Khagrachhari,,04:42:00.000,18:04:00.000
305,2024-03-16,Khagrachhari,,04:41:00.000,18:05:00.000
306,2024-03-17,Khagrachhari,,04:40:00.000,18:05:00.000
307,2024-03-18,Khagrachhari,,04:39:00.000,18:05:00.000
308,2024-03-19,Khagrachhari,,04:38:00.000,18:06:00.000
309,2024-03-20,Khagrachhari,,04:37:00.000,18:06:00.000
310,2024-03-21,Khagrachhari,,04:36:00.000,18:06:00.000
311,2024-03-22,Khagrachhari,,04:35:00.000,18:07:00.000
312,2024-03-23,Khagrachhari,,04:34:00.000,18:07:00.000
313,2024-03-24,Khagrachhari,,04:33:00.000,18:07:00.000
314,2024-03-25,Khagrachhari,,04:32:00.000,18:08:00.000
315,2024-03-26,Khagrachhari,,04:30:00.000,18:08:00.000
316,2024-03-27,Khagrachhari,,04:29:00.000,18:09:00.000
317,2024-03-28,Khagrachhari,,04:28:00.000,18:09:00.000
318,2024-03-29,Khagrachhari,,04:27:00.000,18:10:00.000
319,2024-03-30,Khagrachhari,,04:25:00.000,18:10:00.000
320,2024-03-31,Khagrachhari,,04:24:00.000,18:11:00.000
321,2024-04-01,Khagrachhari,,04:23:00.000,18:11:00.000
322,2024-04-02,Khagrachhari,,04:22:00.000,18:12:00.000
323,2024-04-03,Khagrachhari,,04:21:00.000,18:12:00.000
324,2024-04-04,Khagrachhari,,04:20:00.000,18:12:00.000
325,2024-04-05,Khagrachhari,,04:18:00.000,18:13:00.000
326,2024-04-06,Khagrachhari,,04:18:00.000,18:13:00.000
327,2024-04-07,Khagrachhari,,04:17:00.000,18:14:00.000
328,2024-04-08,Khagrachhari,,04:16:00.000,18:14:00.000
329,2024-04-09,Khagrachhari,,04:15:00.000,18:14:00.000
330,2024-04-10,Khagrachhari,,04:14:00.000,18:15:00.000
331,2024-03-12,Bandarban,,04:45:00.000,18:02:00.000
332,2024-03-13,Bandarban,,04:44:00.000,18:02:00.000
333,2024-03-14,Bandarban,,04:43:00.000,18:03:00.000
334,2024-03-15,Bandarban,,04:42:00.000,18:03:00.000
335,2024-03-16,Bandarban,,04:41:00.000,18:04:00.000
336,2024-03-17,Bandarban,,04:40:00.000,18:04:00.000
337,2024-03-18,Bandarban,,04:39:00.000,18:04:00.000
338,2024-03-19,Bandarban,,04:38:00.000,18:05:00.000
339,2024-03-20,Bandarban,,04:37:00.000,18:05:00.000
340,2024-03-21,Bandarban,,04:36:00.000,18:05:00.000
341,2024-03-22,Bandarban,,04:35:00.000,18:06:00.000
342,2024-03-23,Bandarban,,04:34:00.000,18:06:00.000
343,2024-03-24,Bandarban,,04:33:00.000,18:06:00.000
344,2024-03-25,Bandarban,,04:32:00.000,18:07:00.000
345,2024-03-26,Bandarban,,04:30:00.000,18:07:00.000
346,2024-03-27,Bandarban,,04:29:00.000,18:08:00.000
347,2024-03-28,Bandarban,,04:28:00.000,18:08:00.000
348,2024-03-29,Bandarban,,04:27:00.000,18:09:00.000
349,2024-03-30,Bandarban,,04:25:00.000,18:09:00.000
350,2024-03-31,Bandarban,,04:24:00.000,18:10:00.000
351,2024-04-01,Bandarban,,04:23:00.000,18:10:00.000
352,2024-04-02,Bandarban,,04:22:00.000,18:11:00.000
353,2024-04-03,Bandarban,,04:21:00.000,18:11:00.000
354,2024-04-04,Bandarban,,04:20:00.000,18:11:00.000
355,2024-04-05,Bandarban,,04:18:00.000,18:12:00.000
356,2024-04-06,Bandarban,,04:18:00.000,18:12:00.000
357,2024-04-07,Bandarban,,04:17:00.000,18:13:00.000
358,2024-04-08,Bandarban,,04:16:00.000,18:13:00.000
359,2024-04-09,Bandarban,,04:15:00.000,18:13:00.000
360,2024-04-10,Bandarban,,04:14:00.000,18:14:00.000
361,2024-03-12,Sirajganj,,04:53:00.000,18:12:00.000
362,2024-03-13,Sirajganj,,04:52:00.000,18:12:00.000
363,2024-03-14,Sirajganj,,04:51:00.000,18:13:00.000
364,2024-03-15,Sirajganj,,04:50:00.000,18:13:00.000
365,2024-03-16,Sirajganj,,04:49:00.000,18:14:00.000
366,2024-03-17,Sirajganj,,04:48:00.000,18:14:00.000
367,2024-03-18,Sirajganj,,04:47:00.000,18:14:00.000
368,2024-03-19,Sirajganj,,04:46:00.000,18:15:00.000
369,2024-03-20,Sirajganj,,04:45:00.000,18:15:00.000
370,2024-03-21,Sirajganj,,04:44:00.000,18:15:00.000
371,2024-03-22,Sirajganj,,04:43:00.000,18:16:00.000
372,2024-03-23,Sirajganj,,04:42:00.000,18:16:00.000
373,2024-03-24,Sirajganj,,04:41:00.000,18:16:00.000
374,2024-03-25,Sirajganj,,04:40:00.000,18:17:00.000
375,2024-03-26,Sirajganj,,04:38:00.000,18:17:00.000
376,2024-03-27,Sirajganj,,04:37:00.000,18:18:00.000
377,2024-03-28,Sirajganj,,04:36:00.000,18:18:00.000
378,2024-03-29,Sirajganj,,04:35:00.000,18:19:00.000
379,2024-03-30,Sirajganj,,04:33:00.000,18:19:00.000
380,2024-03-31,Sirajganj,,04:32:00.000,18:20:00.000
381,2024-04-01,Sirajganj,,04:31:00.000,18:20:00.000
382,2024-04-02,Sirajganj,,04:30:00.000,18:21:00.000
383,2024-04-03,Sirajganj,,04:29:00.000,18:21:00.000
384,2024-04-04,Sirajganj,,04:28:00.000,18:21:00.000
385,2024-04-05,Sirajganj,,04:26:00.000,18:22:00.000
386,2024-04-06,Sirajganj,,04:26:00.000,18:22:00.000
387,2024-04-07,Sirajganj,,04:25:00.000,18:23:00.000
388,2024-04-08,Sirajganj,,04:24:00.000,18:23:00.000
389,2024-04-09,Sirajganj,,04:23:00.000,18:23:00.000
390,2024-04-10,Sirajganj,,04:22:00.000,18:24:00.000
391,2024-03-12,Pabna,,04:56:00.000,18:15:00.000
392,2024-03-13,Pabna,,04:55:00.000,18:15:00.000
393,2024-03-14,Pabna,,04:54:00.000,18:16:00.000
394,2024-03-15,Pabna,,04:53:00.000,18:16:00.000
395,2024-03-16,Pabna,,04:52:00.000,18:17:00.000
396,2024-03-17,Pabna,,04:51:00.000,18:17:00.000
397,2024-03-18,Pabna,,04:50:00.000,18:17:00.000
398,2024-03-19,Pabna,,04:49:00.000,18:18:00.000
399,2024-03-20,Pabna,,04:48:00.000,18:18:00.000
400,2024-03-21,Pabna,,04:47:00.000,18:18:00.000
401,2024-03-22,Pabna,,04:46:00.000,18:19:00.000
402,2024-03-23,Pabna,,04:45:00.000,18:19:00.000
403,2024-03-24,Pabna,,04:44:00.000,18:19:00.000
404,2024-03-25,Pabna,,04:43:00.000,18:20:00.000
405,2024-03-26,Pabna,,04:41:00.000,18:20:00.000
406,2024-03-27,Pabna,,04:40:00.000,18:21:00.000
407,2024-03-28,Pabna,,04:39:00.000,18:21:00.000
408,2024-03-29,Pabna,,04:38:00.000,18:22:00.000
409,2024-03-30,Pabna,,04:36:00.000,18:22:00.000
410,2024-03-31,Pabna,,04:35:00.000,18:23:00.000
411,2024-04-01,Pabna,,04:34:00.000,18:23:00.000
412,2024-04-02,Pabna,,04:33:00.000,18:24:00.000
413,2024-04-03,Pabna,,04:32:00.000,18:24:00.000
414,2024-04-04,Pabna,,04:31:00.000,18:24:00.000
415,2024-04-05,Pabna,,04:29:00.000,18:25:00.000
416,2024-04-06,Pabna,,04:29:00.000,18:25:00.000
417,2024-04-07,Pabna,,04:28:00.000,18:26:00.000
418,2024-04-08,Pabna,,04:27:00.000,18:26:00.000
419,2024-04-09,Pabna,,04:26:00.000,18:26:00.000
420,2024-04-10,Pabna,,04:25:00.000,18:27:00.000
421,2024-03-12,Bogra,,04:54:00.000,18:14:00.000
422,2024-03-13,Bogra,,04:53:00.000,18:14:00.000
423,2024-03-14,Bogra,,04:52:00.000,18:15:00.000
424,2024-03-15,Bogra,,04:51:00.000,18:15:00.000
425,2024-03-16,Bogra,,04:50:00.000,18:16:00.000
426,2024-03-17,Bogra,,04:49:00.000,18:16:00.000
427,2024-03-18,Bogra,,04:48:00.000,18:16:00.000
428,2024-03-19,Bogra,,04:47:00.000,18:17:00.000
429,2024-03-20,Bogra,,04:46:00.000,18:17:00.000
430,2024-03-21,Bogra,,04:45:00.000,18:17:00.000
431,2024-03-22,Bogra,,04:44:00.000,18:18:00.000
432,2024-03-23,Bogra,,04:43:00.000,18:18:00.000
433,2024-03-24,Bogra,,04:42:00.000,18:18:00.000
434,2024-03-25,Bogra,,04:41:00.000,18:19:00.000
435,2024-03-26,Bogra,,04:39:00.000,18:19:00.000
436,2024-03-27,Bogra,,04:38:00.000,18:20:00.000
437,2024-03-28,Bogra,,04:37:00.000,18:20:00.000
438,2024-03-29,Bogra,,04:36:00.000,18:21:00.000
439,2024-03-30,Bogra,,04:34:00.000,18:21:00.000
440,2024-03-31,Bogra,,04:33:00.000,18:22:00.000
441,2024-04-01,Bogra,,04:32:00.000,18:22:00.000
442,2024-04-02,Bogra,,04:31:00.000,18:23:00.000
443,2024-04-03,Bogra,,04:30:00.000,18:23:00.000
444,2024-04-04,Bogra,,04:29:00.000,18:23:00.000
445,2024-04-05,Bogra,,04:27:00.000,18:24:00.000
446,2024-04-06,Bogra,,04:27:00.000,18:24:00.000
447,2024-04-07,Bogra,,04:26:00.000,18:25:00.000
448,2024-04-08,Bogra,,04:25:00.000,18:25:00.000
449,2024-04-09,Bogra,,04:24:00.000,18:25:00.000
450,2024-04-10,Bogra,,04:23:00.000,18:26:00.000
451,2024-03-12,Rajshahi,,04:57:00.000,18:17:00.000
452,2024-03-13,Rajshahi,,04:56:00.000,18:17:00.000
453,2024-03-14,Rajshahi,,04:55:00.000,18:18:00.000
454,2024-03-15,Rajshahi,,04:54:00.000,18:18:00.000
455,2024-03-16,Rajshahi,,04:53:00.000,18:19:00.000
456,2024-03-17,Rajshahi,,04:52:00.000,18:19:00.000
457,2024-03-18,Rajshahi,,04:51:00.000,18:19:00.000
458,2024-03-19,Rajshahi,,04:50:00.000,18:20:00.000
459,2024-03-20,Rajshahi,,04:49:00.000,18:20:00.000
460,2024-03-21,Rajshahi,,04:48:00.000,18:20:00.000
461,2024-03-22,Rajshahi,,04:47:00.000,18:21:00.000
462,2024-03-23,Rajshahi,,04:46:00.000,18:21:00.000
463,2024-03-24,Rajshahi,,04:45:00.000,18:21:00.000
464,2024-03-25,Rajshahi,,04:44:00.000,18:22:00.000
465,2024-03-26,Rajshahi,,04:42:00.000,18:22:00.000
466,2024-03-27,Rajshahi,,04:41:00.000,18:23:00.000
467,2024-03-28,Rajshahi,,04:40:00.000,18:23:00.000
468,2024-03-29,Rajshahi,,04:39:00.000,18:24:00.000
469,2024-03-30,Rajshahi,,04:37:00.000,18:24:00.000
470,2024-03-31,Rajshahi,,04:36:00.000,18:25:00.000
471,2024-04-01,Rajshahi,,04:35:00.000,18:25:00.000
472,2024-04-02,Rajshahi,,04:34:00.000,18:26:00.000
473,2024-04-03,Rajshahi,,04:33:00.000,18:26:00.000
474,2024-04-04,Rajshahi,,04:32:00.000,18:26:00.000
475,2024-04-05,Rajshahi,,04:30:00.000,18:27:00.000
476,2024-04-06,Rajshahi,,04:30:00.000,18:27:00.000
477,2024-04-07,Rajshahi,,04:29:00.000,18:28:00.000
478,2024-04-08,Rajshahi,,04:28:00.000,18:28:00.000
479,2024-04-09,Rajshahi,,04:27:00.000,18:28:00.000
480,2024-04-10,Rajshahi,,04:26:00.000,18:29:00.000
481,2024-03-12,Natore,,04:56:00.000,18:16:00.000
482,2024-03-13,Natore,,04:55:00.000,18:16:00.000
483,2024-03-14,Natore,,04:54:00.000,18:17:00.000
484,2024-03-15,Natore,,04:53:00.000,18:17:00.000
485,2024-03-16,Natore,,04:52:00.000,18:18:00.000
486,2024-03-17,Natore,,04:51:00.000,18:18:00.000
487,2024-03-18,Natore,,04:50:00.000,18:18:00.000
488,2024-03-19,Natore,,04:49:00.000,18:19:00.000
489,2024-03-20,Natore,,04:48:00.000,18:19:00.000
490,2024-03-21,Natore,,04:47:00.000,18:19:00.000
491,2024-03-22,Natore,,04:46:00.000,18:20:00.000
492,2024-03-23,Natore,,04:45:00.000,18:20:00.000
493,2024-03-24,Natore,,04:44:00.000,18:20:00.000
494,2024-03-25,Natore,,04:43:00.000,18:21:00.000
495,2024-03-26,Natore,,04:41:00.000,18:21:00.000
496,2024-03-27,Natore,,04:40:00.000,18:22:00.000
497,2024-03-28,Natore,,04:39:00.000,18:22:00.000
498,2024-03-29,Natore,,04:38:00.000,18:23:00.000
499,2024-03-30,Natore,,04:36:00.000,18:23:00.000
500,2024-03-31,Natore,,04:35:00.000,18:24:00.000
501,2024-04-01,Natore,,04:34:00.000,18:24:00.000
502,2024-04-02,Natore,,04:33:00.000,18:25:00.000
503,2024-04-03,Natore,,04:32:00.000,18:25:00.000
504,2024-04-04,Natore,,04:31:00.000,18:25:00.000
505,2024-04-05,Natore,,04:29:00.000,18:26:00.000
506,2024-04-06,Natore,,04:29:00.000,18:26:00.000
507,2024-04-07,Natore,,04:28:00.000,18:27:00.000
508,2024-04-08,Natore,,04:27:00.000,18:27:00.000
509,2024-04-09,Natore,,04:26:00.000,18:27:00.000
510,2024-04-10,Natore,,04:25:00.000,18:28:00.000
511,2024-03-12,Joypurhat,,04:55:00.000,18:16:00.000
512,2024-03-13,Joypurhat,,04:54:00.000,18:16:00.000
513,2024-03-14,Joypurhat,,04:53:00.000,18:17:00.000
514,2024-03-15,Joypurhat,,04:52:00.000,18:17:00.000
515,2024-03-16,Joypurhat,,04:51:00.000,18:18:00.000
516,2024-03-17,Joypurhat,,04:50:00.000,18:18:00.000
517,2024-03-18,Joypurhat,,04:49:00.000,18:18:00.000
518,2024-03-19,Joypurhat,,04:48:00.000,18:19:00.000
519,2024-03-20,Joypurhat,,04:47:00.000,18:19:00.000
520,2024-03-21,Joypurhat,,04:46:00.000,18:19:00.000
521,2024-03-22,Joypurhat,,04:45:00.000,18:20:00.000
522,2024-03-23,Joypurhat,,04:44:00.000,18:20:00.000
523,2024-03-24,Joypurhat,,04:43:00.000,18:20:00.000
524,2024-03-25,Joypurhat,,04:42:00.000,18:21:00.000
525,2024-03-26,Joypurhat,,04:40:00.000,18:21:00.000
526,2024-03-27,Joypurhat,,04:39:00.000,18:22:00.000
527,2024-03-28,Joypurhat,,04:38:00.000,18:22:00.000
528,2024-03-29,Joypurhat,,04:37:00.000,18:23:00.000
529,2024-03-30,Joypurhat,,04:35:00.000,18:23:00.000
530,2024-03-31,Joypurhat,,04:34:00.000,18:24:00.000
531,2024-04-01,Joypurhat,,04:33:00.000,18:24:00.000
532,2024-04-02,Joypurhat,,04:32:00.000,18:25:00.000
533,2024-04-03,Joypurhat,,04:31:00.000,18:25:00.000
534,2024-04-04,Joypurhat,,04:30:00.000,18:25:00.000
535,2024-04-05,Joypurhat,,04:28:00.000,18:26:00.000
536,2024-04-06,Joypurhat,,04:28:00.000,18:26:00.000
537,2024-04-07,Joypurhat,,04:27:00.000,18:27:00.000
538,2024-04-08,Joypurhat,,04:26:00.000,18:27:00.000
539,2024-04-09,Joypurhat,,04:25:00.000,18:27:00.000
540,2024-04-10,Joypurhat,,04:24:00.000,18:28:00.000
541,2024-03-12,Chapainawabganj,,04:59:00.000,18:19:00.000
542,2024-03-13,Chapainawabganj,,04:58:00.000,18:19:00.000
543,2024-03-14,Chapainawabganj,,04:57:00.000,18:20:00.000
544,2024-03-15,Chapainawabganj,,04:56:00.000,18:20:00.000
545,2024-03-16,Chapainawabganj,,04:55:00.000,18:21:00.000
546,2024-03-17,Chapainawabganj,,04:54:00.000,18:21:00.000
547,2024-03-18,Chapainawabganj,,04:53:00.000,18:21:00.000
548,2024-03-19,Chapainawabganj,,04:52:00.000,18:22:00.000
549,2024-03-20,Chapainawabganj,,04:51:00.000,18:22:00.000
550,2024-03-21,Chapainawabganj,,04:50:00.000,18:22:00.000
551,2024-03-22,Chapainawabganj,,04:49:00.000,18:23:00.000
552,2024-03-23,Chapainawabganj,,04:48:00.000,18:23:00.000
553,2024-03-24,Chapainawabganj,,04:47:00.000,18:23:00.000
554,2024-03-25,Chapainawabganj,,04:46:00.000,18:24:00.000
555,2024-03-26,Chapainawabganj,,04:44:00.000,18:24:00.000
556,2024-03-27,Chapainawabganj,,04:43:00.000,18:25:00.000
557,2024-03-28,Chapainawabganj,,04:42:00.000,18:25:00.000
558,2024-03-29,Chapainawabganj,,04:41:00.000,18:26:00.000
559,2024-03-30,Chapainawabganj,,04:39:00.000,18:26:00.000
560,2024-03-31,Chapainawabganj,,04:38:00.000,18:27:00.000
561,2024-04-01,Chapainawabganj,,04:37:00.000,18:27:00.000
562,2024-04-02,Chapainawabganj,,04:36:00.000,18:28:00.000
563,2024-04-03,Chapainawabganj,,04:35:00.000,18:28:00.000
564,2024-04-04,Chapainawabganj,,04:34:00.000,18:28:00.000
565,2024-04-05,Chapainawabganj,,04:32:00.000,18:29:00.000
566,2024-04-06,Chapainawabganj,,04:32:00.000,18:29:00.000
567,2024-04-07,Chapainawabganj,,04:31:00.000,18:30:00.000
568,2024-04-08,Chapainawabganj,,04:30:00.000,18:30:00.000
569,2024-04-09,Chapainawabganj,,04:29:00.000,18:30:00.000
570,2024-04-10,Chapainawabganj,,04:28:00.000,18:31:00.000
571,2024-03-12,Naogaon,,04:56:00.000,18:16:00.000
572,2024-03-13,Naogaon,,04:55:00.000,18:16:00.000
573,2024-03-14,Naogaon,,04:54:00.000,18:17:00.000
574,2024-03-15,Naogaon,,04:53:00.000,18:17:00.000
575,2024-03-16,Naogaon,,04:52:00.000,18:18:00.000
576,2024-03-17,Naogaon,,04:51:00.000,18:18:00.000
577,2024-03-18,Naogaon,,04:50:00.000,18:18:00.000
578,2024-03-19,Naogaon,,04:49:00.000,18:19:00.000
579,2024-03-20,Naogaon,,04:48:00.000,18:19:00.000
580,2024-03-21,Naogaon,,04:47:00.000,18:19:00.000
581,2024-03-22,Naogaon,,04:46:00.000,18:20:00.000
582,2024-03-23,Naogaon,,04:45:00.000,18:20:00.000
583,2024-03-24,Naogaon,,04:44:00.000,18:20:00.000
584,2024-03-25,Naogaon,,04:43:00.000,18:21:00.000
585,2024-03-26,Naogaon,,04:41:00.000,18:21:00.000
586,2024-03-27,Naogaon,,04:40:00.000,18:22:00.000
587,2024-03-28,Naogaon,,04:39:00.000,18:22:00.000
588,2024-03-29,Naogaon,,04:38:00.000,18:23:00.000
589,2024-03-30,Naogaon,,04:36:00.000,18:23:00.000
590,2024-03-31,Naogaon,,04:35:00.000,18:24:00.000
591,2024-04-01,Naogaon,,04:34:00.000,18:24:00.000
592,2024-04-02,Naogaon,,04:33:00.000,18:25:00.000
593,2024-04-03,Naogaon,,04:32:00.000,18:25:00.000
594,2024-04-04,Naogaon,,04:31:00.000,18:25:00.000
595,2024-04-05,Naogaon,,04:29:00.000,18:26:00.000
596,2024-04-06,Naogaon,,04:29:00.000,18:26:00.000
597,2024-04-07,Naogaon,,04:28:00.000,18:27:00.000
598,2024-04-08,Naogaon,,04:27:00.000,18:27:00.000
599,2024-04-09,Naogaon,,04:26:00.000,18:27:00.000
600,2024-04-10,Naogaon,,04:25:00.000,18:28:00.000
601,2024-03-12,Jessore,,04:56:00.000,18:15:00.000
602,2024-03-13,Jessore,,04:55:00.000,18:15:00.000
603,2024-03-14,Jessore,,04:54:00.000,18:16:00.000
604,2024-03-15,Jessore,,04:53:00.000,18:16:00.000
605,2024-03-16,Jessore,,04:52:00.000,18:17:00.000
606,2024-03-17,Jessore,,04:51:00.000,18:17:00.000
607,2024-03-18,Jessore,,04:50:00.000,18:17:00.000
608,2024-03-19,Jessore,,04:49:00.000,18:18:00.000
609,2024-03-20,Jessore,,04:48:00.000,18:18:00.000
610,2024-03-21,Jessore,,04:47:00.000,18:18:00.000
611,2024-03-22,Jessore,,04:46:00.000,18:19:00.000
612,2024-03-23,Jessore,,04:45:00.000,18:19:00.000
613,2024-03-24,Jessore,,04:44:00.000,18:19:00.000
614,2024-03-25,Jessore,,04:43:00.000,18:20:00.000
615,2024-03-26,Jessore,,04:41:00.000,18:20:00.000
616,2024-03-27,Jessore,,04:40:00.000,18:21:00.000
617,2024-03-28,Jessore,,04:39:00.000,18:21:00.000
618,2024-03-29,Jessore,,04:38:00.000,18:22:00.000
619,2024-03-30,Jessore,,04:36:00.000,18:22:00.000
620,2024-03-31,Jessore,,04:35:00.000,18:23:00.000
621,2024-04-01,Jessore,,04:34:00.000,18:23:00.000
622,2024-04-02,Jessore,,04:33:00.000,18:24:00.000
623,2024-04-03,Jessore,,04:32:00.000,18:24:00.000
624,2024-04-04,Jessore,,04:31:00.000,18:24:00.000
625,2024-04-05,Jessore,,04:29:00.000,18:25:00.000
626,2024-04-06,Jessore,,04:29:00.000,18:25:00.000
627,2024-04-07,Jessore,,04:28:00.000,18:26:00.000
628,2024-04-08,Jessore,,04:27:00.000,18:26:00.000
629,2024-04-09,Jessore,,04:26:00.000,18:26:00.000
630,2024-04-10,Jessore,,04:25:00.000,18:27:00.000
631,2024-03-12,Satkhira,,04:57:00.000,18:15:00.000
632,2024-03-13,Satkhira,,04:56:00.000,18:15:00.000
633,2024-03-14,Satkhira,,04:55:00.000,18:16:00.000
634,2024-03-15,Satkhira,,04:54:00.000,18:16:00.000
635,2024-03-16,Satkhira,,04:53:00.000,18:17:00.000
636,2024-03-17,Satkhira,,04:52:00.000,18:17:00.000
637,2024-03-18,Satkhira,,04:51:00.000,18:17:00.000
638,2024-03-19,Satkhira,,04:50:00.000,18:18:00.000
639,2024-03-20,Satkhira,,04:49:00.000,18:18:00.000
640,2024-03-21,Satkhira,,04:48:00.000,18:18:00.000
641,2024-03-22,Satkhira,,04:47:00.000,18:19:00.000
642,2024-03-23,Satkhira,,04:46:00.000,18:19:00.000
643,2024-03-24,Satkhira,,04:45:00.000,18:19:00.000
644,2024-03-25,Satkhira,,04:44:00.000,18:20:00.000
645,2024-03-26,Satkhira,,04:42:00.000,18:20:00.000
646,2024-03-27,Satkhira,,04:41:00.000,18:21:00.000
647,2024-03-28,Satkhira,,04:40:00.000,18:21:00.000
648,2024-03-29,Satkhira,,04:39:00.000,18:22:00.000
649,2024-03-30,Satkhira,,04:37:00.000,18:22:00.000
650,2024-03-31,Satkhira,,04:36:00.000,18:23:00.000
651,2024-04-01,Satkhira,,04:35:00.000,18:23:00.000
652,2024-04-02,Satkhira,,04:34:00.000,18:24:00.000
653,2024-04-03,Satkhira,,04:33:00.000,18:24:00.000
654,2024-04-04,Satkhira,,04:32:00.000,18:24:00.000
655,2024-04-05,Satkhira,,04:30:00.000,18:25:00.000
656,2024-04-06,Satkhira,,04:30:00.000,18:25:00.000
657,2024-04-07,Satkhira,,04:29:00.000,18:26:00.000
658,2024-04-08,Satkhira,,04:28:00.000,18:26:00.000
659,2024-04-09,Satkhira,,04:27:00.000,18:26:00.000
660,2024-04-10,Satkhira,,04:26:00.000,18:27:00.000
661,2024-03-12,Meherpur,,04:58:00.000,18:17:00.000
662,2024-03-13,Meherpur,,04:57:00.000,18:17:00.000
663,2024-03-14,Meherpur,,04:56:00.000,18:18:00.000
664,2024-03-15,Meherpur,,04:55:00.000,18:18:00.000
665,2024-03-16,Meherpur,,04:54:00.000,18:19:00.000
666,2024-03-17,Meherpur,,04:53:00.000,18:19:00.000
667,2024-03-18,Meherpur,,04:52:00.000,18:19:00.000
668,2024-03-19,Meherpur,,04:51:00.000,18:20:00.000
669,2024-03-20,Meherpur,,04:50:00.000,18:20:00.000
670,2024-03-21,Meherpur,,04:49:00.000,18:20:00.000
671,2024-03-22,Meherpur,,04:48:00.000,18:21:00.000
672,2024-03-23,Meherpur,,04:47:00.000,18:21:00.000
673,2024-03-24,Meherpur,,04:46:00.000,18:21:00.000
674,2024-03-25,Meherpur,,04:45:00.000,18:22:00.000
675,2024-03-26,Meherpur,,04:43:00.000,18:22:00.000
676,2024-03-27,Meherpur,,04:42:00.000,18:23:00.000
677,2024-03-28,Meherpur,,04:41:00.000,18:23:00.000
678,2024-03-29,Meherpur,,04:40:00.000,18:24:00.000
679,2024-03-30,Meherpur,,04:38:00.000,18:24:00.000
680,2024-03-31,Meherpur,,04:37:00.000,18:25:00.000
681,2024-04-01,Meherpur,,04:36:00.000,18:25:00.000
682,2024-04-02,Meherpur,,04:35:00.000,18:26:00.000
683,2024-04-03,Meherpur,,04:34:00.000,18:26:00.000
684,2024-04-04,Meherpur,,04:33:00.000,18:26:00.000
685,2024-04-05,Meherpur,,04:31:00.000,18:27:00.000
686,2024-04-06,Meherpur,,04:31:00.000,18:27:00.000
687,2024-04-07,Meherpur,,04:30:00.000,18:28:00.000
688,2024-04-08,Meherpur,,04:29:00.000,18:28:00.000
689,2024-04-09,Meherpur,,04:28:00.000,18:28:00.000
690,2024-04-10,Meherpur,,04:27:00.000,18:29:00.000
691,2024-03-12,Narail,,04:55:00.000,18:13:00.000
692,2024-03-13,Narail,,04:54:00.000,18:13:00.000
693,2024-03-14,Narail,,04:53:00.000,18:14:00.000
694,2024-03-15,Narail,,04:52:00.000,18:14:00.000
695,2024-03-16,Narail,,04:51:00.000,18:15:00.000
696,2024-03-17,Narail,,04:50:00.000,18:15:00.000
697,2024-03-18,Narail,,04:49:00.000,18:15:00.000
698,2024-03-19,Narail,,04:48:00.000,18:16:00.000
699,2024-03-20,Narail,,04:47:00.000,18:16:00.000
700,2024-03-21,Narail,,04:46:00.000,18:16:00.000
701,2024-03-22,Narail,,04:45:00.000,18:17:00.000
702,2024-03-23,Narail,,04:44:00.000,18:17:00.000
703,2024-03-24,Narail,,04:43:00.000,18:17:00.000
704,2024-03-25,Narail,,04:42:00.000,18:18:00.000
705,2024-03-26,Narail,,04:40:00.000,18:18:00.000
706,2024-03-27,Narail,,04:39:00.000,18:19:00.000
707,2024-03-28,Narail,,04:38:00.000,18:19:00.000
708,2024-03-29,Narail,,04:37:00.000,18:20:00.000
709,2024-03-30,Narail,,04:35:00.000,18:20:00.000
710,2024-03-31,Narail,,04:34:00.000,18:21:00.000
711,2024-04-01,Narail,,04:33:00.000,18:21:00.000
712,2024-04-02,Narail,,04:32:00.000,18:22:00.000
713,2024-04-03,Narail,,04:31:00.000,18:22:00.000
714,2024-04-04,Narail,,04:30:00.000,18:22:00.000
715,2024-04-05,Narail,,04:28:00.000,18:23:00.000
716,2024-04-06,Narail,,04:28:00.000,18:23:00.000
717,2024-04-07,Narail,,04:27:00.000,18:24:00.000
718,2024-04-08,Narail,,04:26:00.000,18:24:00.000
719,2024-04-09,Narail,,04:25:00.000,18:24:00.000
720,2024-04-10,Narail,,04:24:00.000,18:25:00.000
721,2024-03-12,Chuadanga,,04:57:00.000,18:16:00.000
722,2024-03-13,Chuadanga,,04:56:00.000,18:16:00.000
723,2024-03-14,Chuadanga,,04:55:00.000,18:17:00.000
724,2024-03-15,Chuadanga,,04:54:00.000,18:17:00.000
725,2024-03-16,Chuadanga,,04:53:00.000,18:18:00.000
726,2024-03-17,Chuadanga,,04:52:00.000,18:18:00.000
727,2024-03-18,Chuadanga,,04:51:00.000,18:18:00.000
728,2024-03-19,Chuadanga,,04:50:00.000,18:19:00.000
729,2024-03-20,Chuadanga,,04:49:00.000,18:19:00.000
730,2024-03-21,Chuadanga,,04:48:00.000,18:19:00.000
731,2024-03-22,Chuadanga,,04:47:00.000,18:20:00.000
732,2024-03-23,Chuadanga,,04:46:00.000,18:20:00.000
733,2024-03-24,Chuadanga,,04:45:00.000,18:20:00.000
734,2024-03-25,Chuadanga,,04:44:00.000,18:21:00.000
735,2024-03-26,Chuadanga,,04:42:00.000,18:21:00.000
736,2024-03-27,Chuadanga,,04:41:00.000,18:22:00.000
737,2024-03-28,Chuadanga,,04:40:00.000,18:22:00.000
738,2024-03-29,Chuadanga,,04:39:00.000,18:23:00.000
739,2024-03-30,Chuadanga,,04:37:00.000,18:23:00.000
740,2024-03-31,Chuadanga,,04:36:00.000,18:24:00.000
741,2024-04-01,Chuadanga,,04:35:00.000,18:24:00.000
742,2024-04-02,Chuadanga,,04:34:00.000,18:25:00.000
743,2024-04-03,Chuadanga,,04:33:00.000,18:25:00.000
744,2024-04-04,Chuadanga,,04:32:00.000,18:25:00.000
745,2024-04-05,Chuadanga,,04:30:00.000,18:26:00.000
746,2024-04-06,Chuadanga,,04:30:00.000,18:26:00.000
747,2024-04-07,Chuadanga,,04:29:00.000,18:27:00.000
748,2024-04-08,Chuadanga,,04:28:00.000,18:27:00.000
749,2024-04-09,Chuadanga,,04:27:00.000,18:27:00.000
750,2024-04-10,Chuadanga,,04:26:00.000,18:28:00.000
751,2024-03-12,Kushtia,,04:56:00.000,18:15:00.000
752,2024-03-13,Kushtia,,04:55:00.000,18:15:00.000
753,2024-03-14,Kushtia,,04:54:00.000,18:16:00.000
754,2024-03-15,Kushtia,,04:53:00.000,18:16:00.000
755,2024-03-16,Kushtia,,04:52:00.000,18:17:00.000
756,2024-03-17,Kushtia,,04:51:00.000,18:17:00.000
757,2024-03-18,Kushtia,,04:50:00.000,18:17:00.000
758,2024-03-19,Kushtia,,04:49:00.000,18:18:00.000
759,2024-03-20,Kushtia,,04:48:00.000,18:18:00.000
760,2024-03-21,Kushtia,,04:47:00.000,18:18:00.000
761,2024-03-22,Kushtia,,04:46:00.000,18:19:00.000
762,2024-03-23,Kushtia,,04:45:00.000,18:19:00.000
763,2024-03-24,Kushtia,,04:44:00.000,18:19:00.000
764,2024-03-25,Kushtia,,04:43:00.000,18:20:00.000
765,2024-03-26,Kushtia,,04:41:00.000,18:20:00.000
766,2024-03-27,Kushtia,,04:40:00.000,18:21:00.000
767,2024-03-28,Kushtia,,04:39:00.000,18:21:00.000
768,2024-03-29,Kushtia,,04:38:00.000,18:22:00.000
769,2024-03-30,Kushtia,,04:36:00.000,18:22:00.000
770,2024-03-31,Kushtia,,04:35:00.000,18:23:00.000
771,2024-04-01,Kushtia,,04:34:00.000,18:23:00.000
772,2024-04-02,Kushtia,,04:33:00.000,18:24:00.000
773,2024-04-03,Kushtia,,04:32:00.000,18:24:00.000
774,2024-04-04,Kushtia,,04:31:00.000,18:24:00.000
775,2024-04-05,Kushtia,,04:29:00.000,18:25:00.000
776,2024-04-06,Kushtia,,04:29:00.000,18:25:00.000
777,2024-04-07,Kushtia,,04:28:00.000,18:26:00.000
778,2024-04-08,Kushtia,,04:27:00.000,18:26:00.000
779,2024-04-09,Kushtia,,04:26:00.000,18:26:00.000
780,2024-04-10,Kushtia,,04:25:00.000,18:27:00.000
781,2024-03-12,Magura,,04:55:00.000,18:14:00.000
782,2024-03-13,Magura,,04:54:00.000,18:14:00.000
783,2024-03-14,Magura,,04:53:00.000,18:15:00.000
784,2024-03-15,Magura,,04:52:00.000,18:15:00.000
785,2024-03-16,Magura,,04:51:00.000,18:16:00.000
786,2024-03-17,Magura,,04:50:00.000,18:16:00.000
787,2024-03-18,Magura,,04:49:00.000,18:16:00.000
788,2024-03-19,Magura,,04:48:00.000,18:17:00.000
789,2024-03-20,Magura,,04:47:00.000,18:17:00.000
790,2024-03-21,Magura,,04:46:00.000,18:17:00.000
791,2024-03-22,Magura,,04:45:00.000,18:18:00.000
792,2024-03-23,Magura,,04:44:00.000,18:18:00.000
793,2024-03-24,Magura,,04:43:00.000,18:18:00.000
794,2024-03-25,Magura,,04:42:00.000,18:19:00.000
795,2024-03-26,Magura,,04:40:00.000,18:19:00.000
796,2024-03-27,Magura,,04:39:00.000,18:20:00.000
797,2024-03-28,Magura,,04:38:00.000,18:20:00.000
798,2024-03-29,Magura,,04:37:00.000,18:21:00.000
799,2024-03-30,Magura,,04:35:00.000,18:21:00.000
800,2024-03-31,Magura,,04:34:00.000,18:22:00.000
801,2024-04-01,Magura,,04:33:00.000,18:22:00.000
802,2024-04-02,Magura,,04:32:00.000,18:23:00.000
803,2024-04-03,Magura,,04:31:00.000,18:23:00.000
804,2024-04-04,Magura,,04:30:00.000,18:23:00.000
805,2024-04-05,Magura,,04:28:00.000,18:24:00.000
806,2024-04-06,Magura,,04:28:00.000,18:24:00.000
807,2024-04-07,Magura,,04:27:00.000,18:25:00.000
808,2024-04-08,Magura,,04:26:00.000,18:25:00.000
809,2024-04-09,Magura,,04:25:00.000,18:25:00.000
810,2024-04-10,Magura,,04:24:00.000,18:26:00.000
811,2024-03-12,Khulna,,04:55:00.000,18:13:00.000
812,2024-03-13,Khulna,,04:54:00.000,18:13:00.000
813,2024-03-14,Khulna,,04:53:00.000,18:14:00.000
814,2024-03-15,Khulna,,04:52:00.000,18:14:00.000
815,2024-03-16,Khulna,,04:51:00.000,18:15:00.000
816,2024-03-17,Khulna,,04:50:00.000,18:15:00.000
817,2024-03-18,Khulna,,04:49:00.000,18:15:00.000
818,2024-03-19,Khulna,,04:48:00.000,18:16:00.000
819,2024-03-20,Khulna,,04:47:00.000,18:16:00.000
820,2024-03-21,Khulna,,04:46:00.000,18:16:00.000
821,2024-03-22,Khulna,,04:45:00.000,18:17:00.000
822,2024-03-23,Khulna,,04:44:00.000,18:17:00.000
823,2024-03-24,Khulna,,04:43:00.000,18:17:00.000
824,2024-03-25,Khulna,,04:42:00.000,18:18:00.000
825,2024-03-26,Khulna,,04:40:00.000,18:18:00.000
826,2024-03-27,Khulna,,04:39:00.000,18:19:00.000
827,2024-03-28,Khulna,,04:38:00.000,18:19:00.000
828,2024-03-29,Khulna,,04:37:00.000,18:20:00.000
829,2024-03-30,Khulna,,04:35:00.000,18:20:00.000
830,2024-03-31,Khulna,,04:34:00.000,18:21:00.000
831,2024-04-01,Khulna,,04:33:00.000,18:21:00.000
832,2024-04-02,Khulna,,04:32:00.000,18:22:00.000
833,2024-04-03,Khulna,,04:31:00.000,18:22:00.000
834,2024-04-04,Khulna,,04:30:00.000,18:22:00.000
835,2024-04-05,Khulna,,04:28:00.000,18:23:00.000
836,2024-04-06,Khulna,,04:28:00.000,18:23:00.000
837,2024-04-07,Khulna,,04:27:00.000,18:24:00.000
838,2024-04-08,Khulna,,04:26:00.000,18:24:00.000
839,2024-04-09,Khulna,,04:25:00.000,18:24:00.000
840,2024-04-10,Khulna,,04:24:00.000,18:25:00.000
841,2024-03-12,Bagerhat,,04:54:00.000,18:12:00.000
842,2024-03-13,Bagerhat,,04:53:00.000,18:12:00.000
843,2024-03-14,Bagerhat,,04:52:00.000,18:13:00.000
844,2024-03-15,Bagerhat,,04:51:00.000,18:13:00.000
845,2024-03-16,Bagerhat,,04:50:00.000,18:14:00.000
846,2024-03-17,Bagerhat,,04:49:00.000,18:14:00.000
847,2024-03-18,Bagerhat,,04:48:00.000,18:14:00.000
848,2024-03-19,Bagerhat,,04:47:00.000,18:15:00.000
849,2024-03-20,Bagerhat,,04:46:00.000,18:15:00.000
850,2024-03-21,Bagerhat,,04:45:00.000,18:15:00.000
851,2024-03-22,Bagerhat,,04:44:00.000,18:16:00.000
852,2024-03-23,Bagerhat,,04:43:00.000,18:16:00.000
853,2024-03-24,Bagerhat,,04:42:00.000,18:16:00.000
854,2024-03-25,Bagerhat,,04:41:00.000,18:17:00.000
855,2024-03-26,Bagerhat,,04:39:00.000,18:17:00.000
856,2024-03-27,Bagerhat,,04:38:00.000,18:18:00.000
857,2024-03-28,Bagerhat,,04:37:00.000,18:18:00.000
858,2024-03-29,Bagerhat,,04:36:00.000,18:19:00.000
859,2024-03-30,Bagerhat,,04:34:00.000,18:19:00.000
860,2024-03-31,Bagerhat,,04:33:00.000,18:20:00.000
861,2024-04-01,Bagerhat,,04:32:00.000,18:20:00.000
862,2024-04-02,Bagerhat,,04:31:00.000,18:21:00.000
863,2024-04-03,Bagerhat,,04:30:00.000,18:21:00.000
864,2024-04-04,Bagerhat,,04:29:00.000,18:21:00.000
865,2024-04-05,Bagerhat,,04:27:00.000,18:22:00.000
866,2024-04-06,Bagerhat,,04:27:00.000,18:22:00.000
867,2024-04-07,Bagerhat,,04:26:00.000,18:23:00.000
868,2024-04-08,Bagerhat,,04:25:00.000,18:23:00.000
869,2024-04-09,Bagerhat,,04:24:00.000,18:23:00.000
870,2024-04-10,Bagerhat,,04:23:00.000,18:24:00.000
871,2024-03-12,Jhenaidah,,04:56:00.000,18:15:00.000
872,2024-03-13,Jhenaidah,,04:55:00.000,18:15:00.000
873,2024-03-14,Jhenaidah,,04:54:00.000,18:16:00.000
874,2024-03-15,Jhenaidah,,04:53:00.000,18:16:00.000
875,2024-03-16,Jhenaidah,,04:52:00.000,18:17:00.000
876,2024-03-17,Jhenaidah,,04:51:00.000,18:17:00.000
877,2024-03-18,Jhenaidah,,04:50:00.000,18:17:00.000
878,2024-03-19,Jhenaidah,,04:49:00.000,18:18:00.000
879,2024-03-20,Jhenaidah,,04:48:00.000,18:18:00.000
880,2024-03-21,Jhenaidah,,04:47:00.000,18:18:00.000
881,2024-03-22,Jhenaidah,,04:46:00.000,18:19:00.000
882,2024-03-23,Jhenaidah,,04:45:00.000,18:19:00.000
883,2024-03-24,Jhenaidah,,04:44:00.000,18:19:00.000
884,2024-03-25,Jhenaidah,,04:43:00.000,18:20:00.000
885,2024-03-26,Jhenaidah,,04:41:00.000,18:20:00.000
886,2024-03-27,Jhenaidah,,04:40:00.000,18:21:00.000
887,2024-03-28,Jhenaidah,,04:39:00.000,18:21:00.000
888,2024-03-29,Jhenaidah,,04:38:00.000,18:22:00.000
889,2024-03-30,Jhenaidah,,04:36:00.000,18:22:00.000
890,2024-03-31,Jhenaidah,,04:35:00.000,18:23:00.000
891,2024-04-01,Jhenaidah,,04:34:00.000,18:23:00.000
892,2024-04-02,Jhenaidah,,04:33:00.000,18:24:00.000
893,2024-04-03,Jhenaidah,,04:32:00.000,18:24:00.000
894,2024-04-04,Jhenaidah,,04:31:00.000,18:24:00.000
895,2024-04-05,Jhenaidah,,04:29:00.000,18:25:00.000
896,2024-04-06,Jhenaidah,,04:29:00.000,18:25:00.000
897,2024-04-07,Jhenaidah,,04:28:00.000,18:26:00.000
898,2024-04-08,Jhenaidah,,04:27:00.000,18:26:00.000
899,2024-04-09,Jhenaidah,,04:26:00.000,18:26:00.000
900,2024-04-10,Jhenaidah,,04:25:00.000,18:27:00.000
901,2024-03-12,Jhalakathi,,04:53:00.000,18:10:00.000
902,2024-03-13,Jhalakathi,,04:52:00.000,18:10:00.000
903,2024-03-14,Jhalakathi,,04:51:00.000,18:11:00.000
904,2024-03-15,Jhalakathi,,04:50:00.000,18:11:00.000
905,2024-03-16,Jhalakathi,,04:49:00.000,18:12:00.000
906,2024-03-17,Jhalakathi,,04:48:00.000,18:12:00.000
907,2024-03-18,Jhalakathi,,04:47:00.000,18:12:00.000
908,2024-03-19,Jhalakathi,,04:46:00.000,18:13:00.000
909,2024-03-20,Jhalakathi,,04:45:00.000,18:13:00.000
910,2024-03-21,Jhalakathi,,04:44:00.000,18:13:00.000
911,2024-03-22,Jhalakathi,,04:43:00.000,18:14:00.000
912,2024-03-23,Jhalakathi,,04:42:00.000,18:14:00.000
913,2024-03-24,Jhalakathi,,04:41:00.000,18:14:00.000
914,2024-03-25,Jhalakathi,,04:40:00.000,18:15:00.000
915,2024-03-26,Jhalakathi,,04:38:00.000,18:15:00.000
916,2024-03-27,Jhalakathi,,04:37:00.000,18:16:00.000
917,2024-03-28,Jhalakathi,,04:36:00.000,18:16:00.000
918,2024-03-29,Jhalakathi,,04:35:00.000,18:17:00.000
919,2024-03-30,Jhalakathi,,04:33:00.000,18:17:00.000
920,2024-03-31,Jhalakathi,,04:32:00.000,18:18:00.000
921,2024-04-01,Jhalakathi,,04:31:00.000,18:18:00.000
922,2024-04-02,Jhalakathi,,04:30:00.000,18:19:00.000
923,2024-04-03,Jhalakathi,,04:29:00.000,18:19:00.000
924,2024-04-04,Jhalakathi,,04:28:00.000,18:19:00.000
925,2024-04-05,Jhalakathi,,04:26:00.000,18:20:00.000
926,2024-04-06,Jhalakathi,,04:26:00.000,18:20:00.000
927,2024-04-07,Jhalakathi,,04:25:00.000,18:21:00.000
928,2024-04-08,Jhalakathi,,04:24:00.000,18:21:00.000
929,2024-04-09,Jhalakathi,,04:23:00.000,18:21:00.000
930,2024-04-10,Jhalakathi,,04:22:00.000,18:22:00.000
931,2024-03-12,Patuakhali,,04:53:00.000,18:10:00.000
932,2024-03-13,Patuakhali,,04:52:00.000,18:10:00.000
933,2024-03-14,Patuakhali,,04:51:00.000,18:11:00.000
934,2024-03-15,Patuakhali,,04:50:00.000,18:11:00.000
935,2024-03-16,Patuakhali,,04:49:00.000,18:12:00.000
936,2024-03-17,Patuakhali,,04:48:00.000,18:12:00.000
937,2024-03-18,Patuakhali,,04:47:00.000,18:12:00.000
938,2024-03-19,Patuakhali,,04:46:00.000,18:13:00.000
939,2024-03-20,Patuakhali,,04:45:00.000,18:13:00.000
940,2024-03-21,Patuakhali,,04:44:00.000,18:13:00.000
941,2024-03-22,Patuakhali,,04:43:00.000,18:14:00.000
942,2024-03-23,Patuakhali,,04:42:00.000,18:14:00.000
943,2024-03-24,Patuakhali,,04:41:00.000,18:14:00.000
944,2024-03-25,Patuakhali,,04:40:00.000,18:15:00.000
945,2024-03-26,Patuakhali,,04:38:00.000,18:15:00.000
946,2024-03-27,Patuakhali,,04:37:00.000,18:16:00.000
947,2024-03-28,Patuakhali,,04:36:00.000,18:16:00.000
948,2024-03-29,Patuakhali,,04:35:00.000,18:17:00.000
949,2024-03-30,Patuakhali,,04:33:00.000,18:17:00.000
950,2024-03-31,Patuakhali,,04:32:00.000,18:18:00.000
951,2024-04-01,Patuakhali,,04:31:00.000,18:18:00.000
952,2024-04-02,Patuakhali,,04:30:00.000,18:19:00.000
953,2024-04-03,Patuakhali,,04:29:00.000,18:19:00.000
954,2024-04-04,Patuakhali,,04:28:00.000,18:19:00.000
955,2024-04-05,Patuakhali,,04:26:00.000,18:20:00.000
956,2024-04-06,Patuakhali,,04:26:00.000,18:20:00.000
957,2024-04-07,Patuakhali,,04:25:00.000,18:21:00.000
958,2024-04-08,Patuakhali,,04:24:00.000,18:21:00.000
959,2024-04-09,Patuakhali,,04:23:00.000,18:21:00.000
960,2024-04-10,Patuakhali,,04:22:00.000,18:22:00.000
961,2024-03-12,Pirojpur,,04:54:00.000,18:09:00.000
962,2024-03-13,Pirojpur,,04:53:00.000,18:09:00.000
963,2024-03-14,Pirojpur,,04:52:00.000,18:10:00.000
964,2024-03-15,Pirojpur,,04:51:00.000,18:10:00.000
965,2024-03-16,Pirojpur,,04:50:00.000,18:11:00.000
966,2024-03-17,Pirojpur,,04:49:00.000,18:11:00.000
967,2024-03-18,Pirojpur,,04:48:00.000,18:11:00.000
968,2024-03-19,Pirojpur,,04:47:00.000,18:12:00.000
969,2024-03-20,Pirojpur,,04:46:00.000,18:12:00.000
970,2024-03-21,Pirojpur,,04:45:00.000,18:12:00.000
971,2024-03-22,Pirojpur,,04:44:00.000,18:13:00.000
972,2024-03-23,Pirojpur,,04:43:00.000,18:13:00.000
973,2024-03-24,Pirojpur,,04:42:00.000,18:13:00.000
974,2024-03-25,Pirojpur,,04:41:00.000,18:14:00.000
975,2024-03-26,Pirojpur,,04:39:00.000,18:14:00.000
976,2024-03-27,Pirojpur,,04:38:00.000,18:15:00.000
977,2024-03-28,Pirojpur,,04:37:00.000,18:15:00.000
978,2024-03-29,Pirojpur,,04:36:00.000,18:16:00.000
979,2024-03-30,Pirojpur,,04:34:00.000,18:16:00.000
980,2024-03-31,Pirojpur,,04:33:00.000,18:17:00.000
981,2024-04-01,Pirojpur,,04:32:00.000,18:17:00.000
982,2024-04-02,Pirojpur,,04:31:00.000,18:18:00.000
983,2024-04-03,Pirojpur,,04:30:00.000,18:18:00.000
984,2024-04-04,Pirojpur,,04:29:00.000,18:18:00.000
985,2024-04-05,Pirojpur,,04:27:00.000,18:19:00.000
986,2024-04-06,Pirojpur,,04:27:00.000,18:19:00.000
987,2024-04-07,Pirojpur,,04:26:00.000,18:20:00.000
988,2024-04-08,Pirojpur,,04:25:00.000,18:20:00.000
989,2024-04-09,Pirojpur,,04:24:00.000,18:20:00.000
990,2024-04-10,Pirojpur,,04:23:00.000,18:21:00.000
991,2024-03-12,Barisal,,04:52:00.000,18:10:00.000
992,2024-03-13,Barisal,,04:51:00.000,18:10:00.000
993,2024-03-14,Barisal,,04:50:00.000,18:11:00.000
994,2024-03-15,Barisal,,04:49:00.000,18:11:00.000
995,2024-03-16,Barisal,,04:48:00.000,18:12:00.000
996,2024-03-17,Barisal,,04:47:00.000,18:12:00.000
997,2024-03-18,Barisal,,04:46:00.000,18:12:00.000
998,2024-03-19,Barisal,,04:45:00.000,18:13:00.000
999,2024-03-20,Barisal,,04:44:00.000,18:13:00.000
1000,2024-03-21,Barisal,,04:43:00.000,18:13:00.000
1001,2024-03-22,Barisal,,04:42:00.000,18:14:00.000
1002,2024-03-23,Barisal,,04:41:00.000,18:14:00.000
1003,2024-03-24,Barisal,,04:40:00.000,18:14:00.000
1004,2024-03-25,Barisal,,04:39:00.000,18:15:00.000
1005,2024-03-26,Barisal,,04:37:00.000,18:15:00.000
1006,2024-03-27,Barisal,,04:36:00.000,18:16:00.000
1007,2024-03-28,Barisal,,04:35:00.000,18:16:00.000
1008,2024-03-29,Barisal,,04:34:00.000,18:17:00.000
1009,2024-03-30,Barisal,,04:32:00.000,18:17:00.000
1010,2024-03-31,Barisal,,04:31:00.000,18:18:00.000
1011,2024-04-01,Barisal,,04:30:00.000,18:18:00.000
1012,2024-04-02,Barisal,,04:29:00.000,18:19:00.000
1013,2024-04-03,Barisal,,04:28:00.000,18:19:00.000
1014,2024-04-04,Barisal,,04:27:00.000,18:19:00.000
1015,2024-04-05,Barisal,,04:25:00.000,18:20:00.000
1016,2024-04-06,Barisal,,04:25:00.000,18:20:00.000
1017,2024-04-07,Barisal,,04:24:00.000,18:21:00.000
1018,2024-04-08,Barisal,,04:23:00.000,18:21:00.000
1019,2024-04-09,Barisal,,04:22:00.000,18:21:00.000
1020,2024-04-10,Barisal,,04:21:00.000,18:22:00.000
1021,2024-03-12,Bhola,,04:51:00.000,18:08:00.000
1022,2024-03-13,Bhola,,04:50:00.000,18:08:00.000
1023,2024-03-14,Bhola,,04:49:00.000,18:09:00.000
1024,2024-03-15,Bhola,,04:48:00.000,18:09:00.000
1025,2024-03-16,Bhola,,04:47:00.000,18:10:00.000
1026,2024-03-17,Bhola,,04:46:00.000,18:10:00.000
1027,2024-03-18,Bhola,,04:45:00.000,18:10:00.000
1028,2024-03-19,Bhola,,04:44:00.000,18:11:00.000
1029,2024-03-20,Bhola,,04:43:00.000,18:11:00.000
1030,2024-03-21,Bhola,,04:42:00.000,18:11:00.000
1031,2024-03-22,Bhola,,04:41:00.000,18:12:00.000
1032,2024-03-23,Bhola,,04:40:00.000,18:12:00.000
1033,2024-03-24,Bhola,,04:39:00.000,18:12:00.000
1034,2024-03-25,Bhola,,04:38:00.000,18:13:00.000
1035,2024-03-26,Bhola,,04:36:00.000,18:13:00.000
1036,2024-03-27,Bhola,,04:35:00.000,18:14:00.000
1037,2024-03-28,Bhola,,04:34:00.000,18:14:00.000
1038,2024-03-29,Bhola,,04:33:00.000,18:15:00.000
1039,2024-03-30,Bhola,,04:31:00.000,18:15:00.000
1040,2024-03-31,Bhola,,04:30:00.000,18:16:00.000
1041,2024-04-01,Bhola,,04:29:00.000,18:16:00.000
1042,2024-04-02,Bhola,,04:28:00.000,18:17:00.000
1043,2024-04-03,Bhola,,04:27:00.000,18:17:00.000
1044,2024-04-04,Bhola,,04:26:00.000,18:17:00.000
1045,2024-04-05,Bhola,,04:24:00.000,18:18:00.000
1046,2024-04-06,Bhola,,04:24:00.000,18:18:00.000
1047,2024-04-07,Bhola,,04:23:00.000,18:19:00.000
1048,2024-04-08,Bhola,,04:22:00.000,18:19:00.000
1049,2024-04-09,Bhola,,04:21:00.000,18:19:00.000
1050,2024-04-10,Bhola,,04:20:00.000,18:20:00.000
1051,2024-03-12,Barguna,,04:54:00.000,18:10:00.000
1052,2024-03-13,Barguna,,04:53:00.000,18:10:00.000
1053,2024-03-14,Barguna,,04:52:00.000,18:11:00.000
1054,2024-03-15,Barguna,,04:51:00.000,18:11:00.000
1055,2024-03-16,Barguna,,04:50:00.000,18:12:00.000
1056,2024-03-17,Barguna,,04:49:00.000,18:12:00.000
1057,2024-03-18,Barguna,,04:48:00.000,18:12:00.000
1058,2024-03-19,Barguna,,04:47:00.000,18:13:00.000
1059,2024-03-20,Barguna,,04:46:00.000,18:13:00.000
1060,2024-03-21,Barguna,,04:45:00.000,18:13:00.000
1061,2024-03-22,Barguna,,04:44:00.000,18:14:00.000
1062,2024-03-23,Barguna,,04:43:00.000,18:14:00.000
1063,2024-03-24,Barguna,,04:42:00.000,18:14:00.000
1064,2024-03-25,Barguna,,04:41:00.000,18:15:00.000
1065,2024-03-26,Barguna,,04:39:00.000,18:15:00.000
1066,2024-03-27,Barguna,,04:38:00.000,18:16:00.000
1067,2024-03-28,Barguna,,04:37:00.000,18:16:00.000
1068,2024-03-29,Barguna,,04:36:00.000,18:17:00.000
1069,2024-03-30,Barguna,,04:34:00.000,18:17:00.000
1070,2024-03-31,Barguna,,04:33:00.000,18:18:00.000
1071,2024-04-01,Barguna,,04:32:00.000,18:18:00.000
1072,2024-04-02,Barguna,,04:31:00.000,18:19:00.000
1073,2024-04-03,Barguna,,04:30:00.000,18:19:00.000
1074,2024-04-04,Barguna,,04:29:00.000,18:19:00.000
1075,2024-04-05,Barguna,,04:27:00.000,18:20:00.000
1076,2024-04-06,Barguna,,04:27:00.000,18:20:00.000
1077,2024-04-07,Barguna,,04:26:00.000,18:21:00.000
1078,2024-04-08,Barguna,,04:25:00.000,18:21:00.000
1079,2024-04-09,Barguna,,04:24:00.000,18:21:00.000
1080,2024-04-10,Barguna,,04:23:00.000,18:22:00.000
1081,2024-03-12,Sylhet,,04:44:00.000,18:04:00.000
1082,2024-03-13,Sylhet,,04:43:00.000,18:04:00.000
1083,2024-03-14,Sylhet,,04:42:00.000,18:05:00.000
1084,2024-03-15,Sylhet,,04:41:00.000,18:05:00.000
1085,2024-03-16,Sylhet,,04:40:00.000,18:06:00.000
1086,2024-03-17,Sylhet,,04:39:00.000,18:06:00.000
1087,2024-03-18,Sylhet,,04:38:00.000,18:06:00.000
1088,2024-03-19,Sylhet,,04:37:00.000,18:07:00.000
1089,2024-03-20,Sylhet,,04:36:00.000,18:07:00.000
1090,2024-03-21,Sylhet,,04:35:00.000,18:07:00.000
1091,2024-03-22,Sylhet,,04:34:00.000,18:08:00.000
1092,2024-03-23,Sylhet,,04:33:00.000,18:08:00.000
1093,2024-03-24,Sylhet,,04:32:00.000,18:08:00.000
1094,2024-03-25,Sylhet,,04:31:00.000,18:09:00.000
1095,2024-03-26,Sylhet,,04:29:00.000,18:09:00.000
1096,2024-03-27,Sylhet,,04:28:00.000,18:10:00.000
1097,2024-03-28,Sylhet,,04:27:00.000,18:10:00.000
1098,2024-03-29,Sylhet,,04:26:00.000,18:11:00.000
1099,2024-03-30,Sylhet,,04:24:00.000,18:11:00.000
1100,2024-03-31,Sylhet,,04:23:00.000,18:12:00.000
1101,2024-04-01,Sylhet,,04:22:00.000,18:12:00.000
1102,2024-04-02,Sylhet,,04:21:00.000,18:13:00.000
1103,2024-04-03,Sylhet,,04:20:00.000,18:13:00.000
1104,2024-04-04,Sylhet,,04:19:00.000,18:13:00.000
1105,2024-04-05,Sylhet,,04:17:00.000,18:14:00.000
1106,2024-04-06,Sylhet,,04:17:00.000,18:14:00.000
1107,2024-04-07,Sylhet,,04:16:00.000,18:15:00.000
1108,2024-04-08,Sylhet,,04:15:00.000,18:15:00.000
1109,2024-04-09,Sylhet,,04:14:00.000,18:15:00.000
1110,2024-04-10,Sylhet,,04:13:00.000,18:16:00.000
1111,2024-03-12,Moulvibazar,,04:45:00.000,18:04:00.000
1112,2024-03-13,Moulvibazar,,04:44:00.000,18:04:00.000
1113,2024-03-14,Moulvibazar,,04:43:00.000,18:05:00.000
1114,2024-03-15,Moulvibazar,,04:42:00.000,18:05:00.000
1115,2024-03-16,Moulvibazar,,04:41:00.000,18:06:00.000
1116,2024-03-17,Moulvibazar,,04:40:00.000,18:06:00.000
1117,2024-03-18,Moulvibazar,,04:39:00.000,18:06:00.000
1118,2024-03-19,Moulvibazar,,04:38:00.000,18:07:00.000
1119,2024-03-20,Moulvibazar,,04:37:00.000,18:07:00.000
1120,2024-03-21,Moulvibazar,,04:36:00.000,18:07:00.000
1121,2024-03-22,Moulvibazar,,04:35:00.000,18:08:00.000
1122,2024-03-23,Moulvibazar,,04:34:00.000,18:08:00.000
1123,2024-03-24,Moulvibazar,,04:33:00.000,18:08:00.000
1124,2024-03-25,Moulvibazar,,04:32:00.000,18:09:00.000
1125,2024-03-26,Moulvibazar,,04:30:00.000,18:09:00.000
1126,2024-03-27,Moulvibazar,,04:29:00.000,18:10:00.000
1127,2024-03-28,Moulvibazar,,04:28:00.000,18:10:00.000
1128,2024-03-29,Moulvibazar,,04:27:00.000,18:11:00.000
1129,2024-03-30,Moulvibazar,,04:25:00.000,18:11:00.000
1130,2024-03-31,Moulvibazar,,04:24:00.000,18:12:00.000
1131,2024-04-01,Moulvibazar,,04:23:00.000,18:12:00.000
1132,2024-04-02,Moulvibazar,,04:22:00.000,18:13:00.000
1133,2024-04-03,Moulvibazar,,04:21:00.000,18:13:00.000
1134,2024-04-04,Moulvibazar,,04:20:00.000,18:13:00.000
1135,2024-04-05,Moulvibazar,,04:18:00.000,18:14:00.000
1136,2024-04-06,Moulvibazar,,04:18:00.000,18:14:00.000
1137,2024-04-07,Moulvibazar,,04:17:00.000,18:15:00.000
1138,2024-04-08,Moulvibazar,,04:16:00.000,18:15:00.000
1139,2024-04-09,Moulvibazar,,04:15:00.000,18:15:00.000
1140,2024-04-10,Moulvibazar,,04:14:00.000,18:16:00.000
1141,2024-03-12,Habiganj,,04:47:00.000,18:06:00.000
1142,2024-03-13,Habiganj,,04:46:00.000,18:06:00.000
1143,2024-03-14,Habiganj,,04:45:00.000,18:07:00.000
1144,2024-03-15,Habiganj,,04:44:00.000,18:07:00.000
1145,2024-03-16,Habiganj,,04:43:00.000,18:08:00.000
1146,2024-03-17,Habiganj,,04:42:00.000,18:08:00.000
1147,2024-03-18,Habiganj,,04:41:00.000,18:08:00.000
1148,2024-03-19,Habiganj,,04:40:00.000,18:09:00.000
1149,2024-03-20,Habiganj,,04:39:00.000,18:09:00.000
1150,2024-03-21,Habiganj,,04:38:00.000,18:09:00.000
1151,2024-03-22,Habiganj,,04:37:00.000,18:10:00.000
1152,2024-03-23,Habiganj,,04:36:00.000,18:10:00.000
1153,2024-03-24,Habiganj,,04:35:00.000,18:10:00.000
1154,2024-03-25,Habiganj,,04:34:00.000,18:11:00.000
1155,2024-03-26,Habiganj,,04:32:00.000,18:11:00.000
1156,2024-03-27,Habiganj,,04:31:00.000,18:12:00.000
1157,2024-03-28,Habiganj,,04:30:00.000,18:12:00.000
1158,2024-03-29,Habiganj,,04:29:00.000,18:13:00.000
1159,2024-03-30,Habiganj,,04:27:00.000,18:13:00.000
1160,2024-03-31,Habiganj,,04:26:00.000,18:14:00.000
1161,2024-04-01,Habiganj,,04:25:00.000,18:14:00.000
1162,2024-04-02,Habiganj,,04:24:00.000,18:15:00.000
1163,2024-04-03,Habiganj,,04:23:00.000,18:15:00.000
1164,2024-04-04,Habiganj,,04:22:00.000,18:15:00.000
1165,2024-04-05,Habiganj,,04:20:00.000,18:16:00.000
1166,2024-04-06,Habiganj,,04:20:00.000,18:16:00.000
1167,2024-04-07,Habiganj,,04:19:00.000,18:17:00.000
1168,2024-04-08,Habiganj,,04:18:00.000,18:17:00.000
1169,2024-04-09,Habiganj,,04:17:00.000,18:17:00.000
1170,2024-04-10,Habiganj,,04:16:00.000,18:18:00.000
1171,2024-03-12,Sunamganj,,04:46:00.000,18:06:00.000
1172,2024-03-13,Sunamganj,,04:45:00.000,18:06:00.000
1173,2024-03-14,Sunamganj,,04:44:00.000,18:07:00.000
1174,2024-03-15,Sunamganj,,04:43:00.000,18:07:00.000
1175,2024-03-16,Sunamganj,,04:42:00.000,18:08:00.000
1176,2024-03-17,Sunamganj,,04:41:00.000,18:08:00.000
1177,2024-03-18,Sunamganj,,04:40:00.000,18:08:00.000
1178,2024-03-19,Sunamganj,,04:39:00.000,18:09:00.000
1179,2024-03-20,Sunamganj,,04:38:00.000,18:09:00.000
1180,2024-03-21,Sunamganj,,04:37:00.000,18:09:00.000
1181,2024-03-22,Sunamganj,,04:36:00.000,18:10:00.000
1182,2024-03-23,Sunamganj,,04:35:00.000,18:10:00.000
1183,2024-03-24,Sunamganj,,04:34:00.000,18:10:00.000
1184,2024-03-25,Sunamganj,,04:33:00.000,18:11:00.000
1185,2024-03-26,Sunamganj,,04:31:00.000,18:11:00.000
1186,2024-03-27,Sunamganj,,04:30:00.000,18:12:00.000
1187,2024-03-28,Sunamganj,,04:29:00.000,18:12:00.000
1188,2024-03-29,Sunamganj,,04:28:00.000,18:13:00.000
1189,2024-03-30,Sunamganj,,04:26:00.000,18:13:00.000
1190,2024-03-31,Sunamganj,,04:25:00.000,18:14:00.000
1191,2024-04-01,Sunamganj,,04:24:00.000,18:14:00.000
1192,2024-04-02,Sunamganj,,04:23:00.000,18:15:00.000
1193,2024-04-03,Sunamganj,,04:22:00.000,18:15:00.000
1194,2024-04-04,Sunamganj,,04:21:00.000,18:15:00.000
1195,2024-04-05,Sunamganj,,04:19:00.000,18:16:00.000
1196,2024-04-06,Sunamganj,,04:19:00.000,18:16:00.000
1197,2024-04-07,Sunamganj,,04:18:00.000,18:17:00.000
1198,2024-04-08,Sunamganj,,04:17:00.000,18:17:00.000
1199,2024-04-09,Sunamganj,,04:16:00.000,18:17:00.000
1200,2024-04-10,Sunamganj,,04:15:00.000,18:18:00.000
1201,2024-02-12,Narsingdi,,04:49:00.000,18:09:00.000
1202,2024-03-13,Narsingdi,,04:48:00.000,18:09:00.000
1203,2024-03-14,Narsingdi,,04:47:00.000,18:10:00.000
1204,2024-03-15,Narsingdi,,04:46:00.000,18:10:00.000
1205,2024-03-16,Narsingdi,,04:45:00.000,18:11:00.000
1206,2024-03-17,Narsingdi,,04:44:00.000,18:11:00.000
1207,2024-03-18,Narsingdi,,04:43:00.000,18:11:00.000
1208,2024-03-19,Narsingdi,,04:42:00.000,18:12:00.000
1209,2024-03-20,Narsingdi,,04:41:00.000,18:12:00.000
1210,2024-03-21,Narsingdi,,04:40:00.000,18:12:00.000
1211,2024-03-22,Narsingdi,,04:39:00.000,18:13:00.000
1212,2024-03-23,Narsingdi,,04:38:00.000,18:13:00.000
1213,2024-03-24,Narsingdi,,04:37:00.000,18:13:00.000
1214,2024-03-25,Narsingdi,,04:36:00.000,18:14:00.000
1215,2024-03-26,Narsingdi,,04:34:00.000,18:14:00.000
1216,2024-03-27,Narsingdi,,04:33:00.000,18:15:00.000
1217,2024-03-28,Narsingdi,,04:32:00.000,18:15:00.000
1218,2024-03-29,Narsingdi,,04:31:00.000,18:16:00.000
1219,2024-03-30,Narsingdi,,04:29:00.000,18:16:00.000
1220,2024-03-31,Narsingdi,,04:28:00.000,18:17:00.000
1221,2024-04-01,Narsingdi,,04:27:00.000,18:17:00.000
1222,2024-04-02,Narsingdi,,04:26:00.000,18:18:00.000
1223,2024-04-03,Narsingdi,,04:25:00.000,18:18:00.000
1224,2024-04-04,Narsingdi,,04:24:00.000,18:18:00.000
1225,2024-04-05,Narsingdi,,04:22:00.000,18:19:00.000
1226,2024-04-06,Narsingdi,,04:22:00.000,18:19:00.000
1227,2024-04-07,Narsingdi,,04:21:00.000,18:20:00.000
1228,2024-04-08,Narsingdi,,04:20:00.000,18:20:00.000
1229,2024-04-09,Narsingdi,,04:19:00.000,18:20:00.000
1230,2024-04-10,Narsingdi,,04:18:00.000,18:21:00.000
1231,2024-03-12,Gazipur,,04:50:00.000,18:10:00.000
1232,2024-03-13,Gazipur,,04:49:00.000,18:10:00.000
1233,2024-03-14,Gazipur,,04:48:00.000,18:11:00.000
1234,2024-03-15,Gazipur,,04:47:00.000,18:11:00.000
1235,2024-03-16,Gazipur,,04:46:00.000,18:12:00.000
1236,2024-03-17,Gazipur,,04:45:00.000,18:12:00.000
1237,2024-03-18,Gazipur,,04:44:00.000,18:12:00.000
1238,2024-03-19,Gazipur,,04:43:00.000,18:13:00.000
1239,2024-03-20,Gazipur,,04:42:00.000,18:13:00.000
1240,2024-03-21,Gazipur,,04:41:00.000,18:13:00.000
1241,2024-03-22,Gazipur,,04:40:00.000,18:14:00.000
1242,2024-03-23,Gazipur,,04:39:00.000,18:14:00.000
1243,2024-03-24,Gazipur,,04:38:00.000,18:14:00.000
1244,2024-03-25,Gazipur,,04:37:00.000,18:15:00.000
1245,2024-03-26,Gazipur,,04:35:00.000,18:15:00.000
1246,2024-03-27,Gazipur,,04:34:00.000,18:16:00.000
1247,2024-03-28,Gazipur,,04:33:00.000,18:16:00.000
1248,2024-03-29,Gazipur,,04:32:00.000,18:17:00.000
1249,2024-03-30,Gazipur,,04:30:00.000,18:17:00.000
1250,2024-03-31,Gazipur,,04:29:00.000,18:18:00.000
1251,2024-04-01,Gazipur,,04:28:00.000,18:18:00.000
1252,2024-04-02,Gazipur,,04:27:00.000,18:19:00.000
1253,2024-04-03,Gazipur,,04:26:00.000,18:19:00.000
1254,2024-04-04,Gazipur,,04:25:00.000,18:19:00.000
1255,2024-04-05,Gazipur,,04:23:00.000,18:20:00.000
1256,2024-04-06,Gazipur,,04:23:00.000,18:20:00.000
1257,2024-04-07,Gazipur,,04:22:00.000,18:21:00.000
1258,2024-04-08,Gazipur,,04:21:00.000,18:21:00.000
1259,2024-04-09,Gazipur,,04:20:00.000,18:21:00.000
1260,2024-04-10,Gazipur,,04:19:00.000,18:22:00.000
1261,2024-03-12,Shariatpur,,04:52:00.000,18:10:00.000
1262,2024-03-13,Shariatpur,,04:51:00.000,18:10:00.000
1263,2024-03-14,Shariatpur,,04:50:00.000,18:11:00.000
1264,2024-03-15,Shariatpur,,04:49:00.000,18:11:00.000
1265,2024-03-16,Shariatpur,,04:48:00.000,18:12:00.000
1266,2024-03-17,Shariatpur,,04:47:00.000,18:12:00.000
1267,2024-03-18,Shariatpur,,04:46:00.000,18:12:00.000
1268,2024-03-19,Shariatpur,,04:45:00.000,18:13:00.000
1269,2024-03-20,Shariatpur,,04:44:00.000,18:13:00.000
1270,2024-03-21,Shariatpur,,04:43:00.000,18:13:00.000
1271,2024-03-22,Shariatpur,,04:42:00.000,18:14:00.000
1272,2024-03-23,Shariatpur,,04:41:00.000,18:14:00.000
1273,2024-03-24,Shariatpur,,04:40:00.000,18:14:00.000
1274,2024-03-25,Shariatpur,,04:39:00.000,18:15:00.000
1275,2024-03-26,Shariatpur,,04:37:00.000,18:15:00.000
1276,2024-03-27,Shariatpur,,04:36:00.000,18:16:00.000
1277,2024-03-28,Shariatpur,,04:35:00.000,18:16:00.000
1278,2024-03-29,Shariatpur,,04:34:00.000,18:17:00.000
1279,2024-03-30,Shariatpur,,04:32:00.000,18:17:00.000
1280,2024-03-31,Shariatpur,,04:31:00.000,18:18:00.000
1281,2024-04-01,Shariatpur,,04:30:00.000,18:18:00.000
1282,2024-04-02,Shariatpur,,04:29:00.000,18:19:00.000
1283,2024-04-03,Shariatpur,,04:28:00.000,18:19:00.000
1284,2024-04-04,Shariatpur,,04:27:00.000,18:19:00.000
1285,2024-04-05,Shariatpur,,04:25:00.000,18:20:00.000
1286,2024-04-06,Shariatpur,,04:25:00.000,18:20:00.000
1287,2024-04-07,Shariatpur,,04:24:00.000,18:21:00.000
1288,2024-04-08,Shariatpur,,04:23:00.000,18:21:00.000
1289,2024-04-09,Shariatpur,,04:22:00.000,18:21:00.000
1290,2024-04-10,Shariatpur,,04:21:00.000,18:22:00.000
1291,2024-03-12,Narayanganj,,04:51:00.000,18:09:00.000
1292,2024-03-13,Narayanganj,,04:50:00.000,18:09:00.000
1293,2024-03-14,Narayanganj,,04:49:00.000,18:10:00.000
1294,2024-03-15,Narayanganj,,04:48:00.000,18:10:00.000
1295,2024-03-16,Narayanganj,,04:47:00.000,18:11:00.000
1296,2024-03-17,Narayanganj,,04:46:00.000,18:11:00.000
1297,2024-03-18,Narayanganj,,04:45:00.000,18:11:00.000
1298,2024-03-19,Narayanganj,,04:44:00.000,18:12:00.000
1299,2024-03-20,Narayanganj,,04:43:00.000,18:12:00.000
1300,2024-03-21,Narayanganj,,04:42:00.000,18:12:00.000
1301,2024-03-22,Narayanganj,,04:41:00.000,18:13:00.000
1302,2024-03-23,Narayanganj,,04:40:00.000,18:13:00.000
1303,2024-03-24,Narayanganj,,04:39:00.000,18:13:00.000
1304,2024-03-25,Narayanganj,,04:38:00.000,18:14:00.000
1305,2024-03-26,Narayanganj,,04:36:00.000,18:14:00.000
1306,2024-03-27,Narayanganj,,04:35:00.000,18:15:00.000
1307,2024-03-28,Narayanganj,,04:34:00.000,18:15:00.000
1308,2024-03-29,Narayanganj,,04:33:00.000,18:16:00.000
1309,2024-03-30,Narayanganj,,04:31:00.000,18:16:00.000
1310,2024-03-31,Narayanganj,,04:30:00.000,18:17:00.000
1311,2024-04-01,Narayanganj,,04:29:00.000,18:17:00.000
1312,2024-04-02,Narayanganj,,04:28:00.000,18:18:00.000
1313,2024-04-03,Narayanganj,,04:27:00.000,18:18:00.000
1314,2024-04-04,Narayanganj,,04:26:00.000,18:18:00.000
1315,2024-04-05,Narayanganj,,04:24:00.000,18:19:00.000
1316,2024-04-06,Narayanganj,,04:24:00.000,18:19:00.000
1317,2024-04-07,Narayanganj,,04:23:00.000,18:20:00.000
1318,2024-04-08,Narayanganj,,04:22:00.000,18:20:00.000
1319,2024-04-09,Narayanganj,,04:21:00.000,18:20:00.000
1320,2024-04-10,Narayanganj,,04:20:00.000,18:21:00.000
1321,2024-03-12,Tangail,,04:52:00.000,18:12:00.000
1322,2024-03-13,Tangail,,04:51:00.000,18:12:00.000
1323,2024-03-14,Tangail,,04:50:00.000,18:13:00.000
1324,2024-03-15,Tangail,,04:49:00.000,18:13:00.000
1325,2024-03-16,Tangail,,04:48:00.000,18:14:00.000
1326,2024-03-17,Tangail,,04:47:00.000,18:14:00.000
1327,2024-03-18,Tangail,,04:46:00.000,18:14:00.000
1328,2024-03-19,Tangail,,04:45:00.000,18:15:00.000
1329,2024-03-20,Tangail,,04:44:00.000,18:15:00.000
1330,2024-03-21,Tangail,,04:43:00.000,18:15:00.000
1331,2024-03-22,Tangail,,04:42:00.000,18:16:00.000
1332,2024-03-23,Tangail,,04:41:00.000,18:16:00.000
1333,2024-03-24,Tangail,,04:40:00.000,18:16:00.000
1334,2024-03-25,Tangail,,04:39:00.000,18:17:00.000
1335,2024-03-26,Tangail,,04:37:00.000,18:17:00.000
1336,2024-03-27,Tangail,,04:36:00.000,18:18:00.000
1337,2024-03-28,Tangail,,04:35:00.000,18:18:00.000
1338,2024-03-29,Tangail,,04:34:00.000,18:19:00.000
1339,2024-03-30,Tangail,,04:32:00.000,18:19:00.000
1340,2024-03-31,Tangail,,04:31:00.000,18:20:00.000
1341,2024-04-01,Tangail,,04:30:00.000,18:20:00.000
1342,2024-04-02,Tangail,,04:29:00.000,18:21:00.000
1343,2024-04-03,Tangail,,04:28:00.000,18:21:00.000
1344,2024-04-04,Tangail,,04:27:00.000,18:21:00.000
1345,2024-04-05,Tangail,,04:25:00.000,18:22:00.000
1346,2024-04-06,Tangail,,04:25:00.000,18:22:00.000
1347,2024-04-07,Tangail,,04:24:00.000,18:23:00.000
1348,2024-04-08,Tangail,,04:23:00.000,18:23:00.000
1349,2024-04-09,Tangail,,04:22:00.000,18:23:00.000
1350,2024-04-10,Tangail,,04:21:00.000,18:24:00.000
1351,2024-03-12,Kishoreganj,,04:49:00.000,18:08:00.000
1352,2024-03-13,Kishoreganj,,04:48:00.000,18:08:00.000
1353,2024-03-14,Kishoreganj,,04:47:00.000,18:09:00.000
1354,2024-03-15,Kishoreganj,,04:46:00.000,18:09:00.000
1355,2024-03-16,Kishoreganj,,04:45:00.000,18:10:00.000
1356,2024-03-17,Kishoreganj,,04:44:00.000,18:10:00.000
1357,2024-03-18,Kishoreganj,,04:43:00.000,18:10:00.000
1358,2024-03-19,Kishoreganj,,04:42:00.000,18:11:00.000
1359,2024-03-20,Kishoreganj,,04:41:00.000,18:11:00.000
1360,2024-03-21,Kishoreganj,,04:40:00.000,18:11:00.000
1361,2024-03-22,Kishoreganj,,04:39:00.000,18:12:00.000
1362,2024-03-23,Kishoreganj,,04:38:00.000,18:12:00.000
1363,2024-03-24,Kishoreganj,,04:37:00.000,18:12:00.000
1364,2024-03-25,Kishoreganj,,04:36:00.000,18:13:00.000
1365,2024-03-26,Kishoreganj,,04:34:00.000,18:13:00.000
1366,2024-03-27,Kishoreganj,,04:33:00.000,18:14:00.000
1367,2024-03-28,Kishoreganj,,04:32:00.000,18:14:00.000
1368,2024-03-29,Kishoreganj,,04:31:00.000,18:15:00.000
1369,2024-03-30,Kishoreganj,,04:29:00.000,18:15:00.000
1370,2024-03-31,Kishoreganj,,04:28:00.000,18:16:00.000
1371,2024-04-01,Kishoreganj,,04:27:00.000,18:16:00.000
1372,2024-04-02,Kishoreganj,,04:26:00.000,18:17:00.000
1373,2024-04-03,Kishoreganj,,04:25:00.000,18:17:00.000
1374,2024-04-04,Kishoreganj,,04:24:00.000,18:17:00.000
1375,2024-04-05,Kishoreganj,,04:22:00.000,18:18:00.000
1376,2024-04-06,Kishoreganj,,04:22:00.000,18:18:00.000
1377,2024-04-07,Kishoreganj,,04:21:00.000,18:19:00.000
1378,2024-04-08,Kishoreganj,,04:20:00.000,18:19:00.000
1379,2024-04-09,Kishoreganj,,04:19:00.000,18:19:00.000
1380,2024-04-10,Kishoreganj,,04:18:00.000,18:20:00.000
1381,2024-03-12,Manikganj,,04:53:00.000,18:11:00.000
1382,2024-03-13,Manikganj,,04:52:00.000,18:11:00.000
1383,2024-03-14,Manikganj,,04:51:00.000,18:12:00.000
1384,2024-03-15,Manikganj,,04:50:00.000,18:12:00.000
1385,2024-03-16,Manikganj,,04:49:00.000,18:13:00.000
1386,2024-03-17,Manikganj,,04:48:00.000,18:13:00.000
1387,2024-03-18,Manikganj,,04:47:00.000,18:13:00.000
1388,2024-03-19,Manikganj,,04:46:00.000,18:14:00.000
1389,2024-03-20,Manikganj,,04:45:00.000,18:14:00.000
1390,2024-03-21,Manikganj,,04:44:00.000,18:14:00.000
1391,2024-03-22,Manikganj,,04:43:00.000,18:15:00.000
1392,2024-03-23,Manikganj,,04:42:00.000,18:15:00.000
1393,2024-03-24,Manikganj,,04:41:00.000,18:15:00.000
1394,2024-03-25,Manikganj,,04:40:00.000,18:16:00.000
1395,2024-03-26,Manikganj,,04:38:00.000,18:16:00.000
1396,2024-03-27,Manikganj,,04:37:00.000,18:17:00.000
1397,2024-03-28,Manikganj,,04:36:00.000,18:17:00.000
1398,2024-03-29,Manikganj,,04:35:00.000,18:18:00.000
1399,2024-03-30,Manikganj,,04:33:00.000,18:18:00.000
1400,2024-03-31,Manikganj,,04:32:00.000,18:19:00.000
1401,2024-04-01,Manikganj,,04:31:00.000,18:19:00.000
1402,2024-04-02,Manikganj,,04:30:00.000,18:20:00.000
1403,2024-04-03,Manikganj,,04:29:00.000,18:20:00.000
1404,2024-04-04,Manikganj,,04:28:00.000,18:20:00.000
1405,2024-04-05,Manikganj,,04:26:00.000,18:21:00.000
1406,2024-04-06,Manikganj,,04:26:00.000,18:21:00.000
1407,2024-04-07,Manikganj,,04:25:00.000,18:22:00.000
1408,2024-04-08,Manikganj,,04:24:00.000,18:22:00.000
1409,2024-04-09,Manikganj,,04:23:00.000,18:22:00.000
1410,2024-04-10,Manikganj,,04:22:00.000,18:23:00.000
1411,2024-03-12,Munshiganj,,04:51:00.000,18:09:00.000
1412,2024-03-13,Munshiganj,,04:50:00.000,18:09:00.000
1413,2024-03-14,Munshiganj,,04:49:00.000,18:10:00.000
1414,2024-03-15,Munshiganj,,04:48:00.000,18:10:00.000
1415,2024-03-16,Munshiganj,,04:47:00.000,18:11:00.000
1416,2024-03-17,Munshiganj,,04:46:00.000,18:11:00.000
1417,2024-03-18,Munshiganj,,04:45:00.000,18:11:00.000
1418,2024-03-19,Munshiganj,,04:44:00.000,18:12:00.000
1419,2024-03-20,Munshiganj,,04:43:00.000,18:12:00.000
1420,2024-03-21,Munshiganj,,04:42:00.000,18:12:00.000
1421,2024-03-22,Munshiganj,,04:41:00.000,18:13:00.000
1422,2024-03-23,Munshiganj,,04:40:00.000,18:13:00.000
1423,2024-03-24,Munshiganj,,04:39:00.000,18:13:00.000
1424,2024-03-25,Munshiganj,,04:38:00.000,18:14:00.000
1425,2024-03-26,Munshiganj,,04:36:00.000,18:14:00.000
1426,2024-03-27,Munshiganj,,04:35:00.000,18:15:00.000
1427,2024-03-28,Munshiganj,,04:34:00.000,18:15:00.000
1428,2024-03-29,Munshiganj,,04:33:00.000,18:16:00.000
1429,2024-03-30,Munshiganj,,04:31:00.000,18:16:00.000
1430,2024-03-31,Munshiganj,,04:30:00.000,18:17:00.000
1431,2024-04-01,Munshiganj,,04:29:00.000,18:17:00.000
1432,2024-04-02,Munshiganj,,04:28:00.000,18:18:00.000
1433,2024-04-03,Munshiganj,,04:27:00.000,18:18:00.000
1434,2024-04-04,Munshiganj,,04:26:00.000,18:18:00.000
1435,2024-04-05,Munshiganj,,04:24:00.000,18:19:00.000
1436,2024-04-06,Munshiganj,,04:24:00.000,18:19:00.000
1437,2024-04-07,Munshiganj,,04:23:00.000,18:20:00.000
1438,2024-04-08,Munshiganj,,04:22:00.000,18:20:00.000
1439,2024-04-09,Munshiganj,,04:21:00.000,18:20:00.000
1440,2024-04-10,Munshiganj,,04:20:00.000,18:21:00.000
1441,2024-03-12,Rajbari,,04:55:00.000,18:14:00.000
1442,2024-03-13,Rajbari,,04:54:00.000,18:14:00.000
1443,2024-03-14,Rajbari,,04:53:00.000,18:15:00.000
1444,2024-03-15,Rajbari,,04:52:00.000,18:15:00.000
1445,2024-03-16,Rajbari,,04:51:00.000,18:16:00.000
1446,2024-03-17,Rajbari,,04:50:00.000,18:16:00.000
1447,2024-03-18,Rajbari,,04:49:00.000,18:16:00.000
1448,2024-03-19,Rajbari,,04:48:00.000,18:17:00.000
1449,2024-03-20,Rajbari,,04:47:00.000,18:17:00.000
1450,2024-03-21,Rajbari,,04:46:00.000,18:17:00.000
1451,2024-03-22,Rajbari,,04:45:00.000,18:18:00.000
1452,2024-03-23,Rajbari,,04:44:00.000,18:18:00.000
1453,2024-03-24,Rajbari,,04:43:00.000,18:18:00.000
1454,2024-03-25,Rajbari,,04:42:00.000,18:19:00.000
1455,2024-03-26,Rajbari,,04:40:00.000,18:19:00.000
1456,2024-03-27,Rajbari,,04:39:00.000,18:20:00.000
1457,2024-03-28,Rajbari,,04:38:00.000,18:20:00.000
1458,2024-03-29,Rajbari,,04:37:00.000,18:21:00.000
1459,2024-03-30,Rajbari,,04:35:00.000,18:21:00.000
1460,2024-03-31,Rajbari,,04:34:00.000,18:22:00.000
1461,2024-04-01,Rajbari,,04:33:00.000,18:22:00.000
1462,2024-04-02,Rajbari,,04:32:00.000,18:23:00.000
1463,2024-04-03,Rajbari,,04:31:00.000,18:23:00.000
1464,2024-04-04,Rajbari,,04:30:00.000,18:23:00.000
1465,2024-04-05,Rajbari,,04:28:00.000,18:24:00.000
1466,2024-04-06,Rajbari,,04:28:00.000,18:24:00.000
1467,2024-04-07,Rajbari,,04:27:00.000,18:25:00.000
1468,2024-04-08,Rajbari,,04:26:00.000,18:25:00.000
1469,2024-04-09,Rajbari,,04:25:00.000,18:25:00.000
1470,2024-04-10,Rajbari,,04:24:00.000,18:26:00.000
1471,2024-03-12,Madaripur,,04:52:00.000,18:10:00.000
1472,2024-03-13,Madaripur,,04:51:00.000,18:10:00.000
1473,2024-03-14,Madaripur,,04:50:00.000,18:11:00.000
1474,2024-03-15,Madaripur,,04:49:00.000,18:11:00.000
1475,2024-03-16,Madaripur,,04:48:00.000,18:12:00.000
1476,2024-03-17,Madaripur,,04:47:00.000,18:12:00.000
1477,2024-03-18,Madaripur,,04:46:00.000,18:12:00.000
1478,2024-03-19,Madaripur,,04:45:00.000,18:13:00.000
1479,2024-03-20,Madaripur,,04:44:00.000,18:13:00.000
1480,2024-03-21,Madaripur,,04:43:00.000,18:13:00.000
1481,2024-03-22,Madaripur,,04:42:00.000,18:14:00.000
1482,2024-03-23,Madaripur,,04:41:00.000,18:14:00.000
1483,2024-03-24,Madaripur,,04:40:00.000,18:14:00.000
1484,2024-03-25,Madaripur,,04:39:00.000,18:15:00.000
1485,2024-03-26,Madaripur,,04:37:00.000,18:15:00.000
1486,2024-03-27,Madaripur,,04:36:00.000,18:16:00.000
1487,2024-03-28,Madaripur,,04:35:00.000,18:16:00.000
1488,2024-03-29,Madaripur,,04:34:00.000,18:17:00.000
1489,2024-03-30,Madaripur,,04:32:00.000,18:17:00.000
1490,2024-03-31,Madaripur,,04:31:00.000,18:18:00.000
1491,2024-04-01,Madaripur,,04:30:00.000,18:18:00.000
1492,2024-04-02,Madaripur,,04:29:00.000,18:19:00.000
1493,2024-04-03,Madaripur,,04:28:00.000,18:19:00.000
1494,2024-04-04,Madaripur,,04:27:00.000,18:19:00.000
1495,2024-04-05,Madaripur,,04:25:00.000,18:20:00.000
1496,2024-04-06,Madaripur,,04:25:00.000,18:20:00.000
1497,2024-04-07,Madaripur,,04:24:00.000,18:21:00.000
1498,2024-04-08,Madaripur,,04:23:00.000,18:21:00.000
1499,2024-04-09,Madaripur,,04:22:00.000,18:21:00.000
1500,2024-04-10,Madaripur,,04:21:00.000,18:22:00.000
1501,2024-03-12,Gopalganj,,04:54:00.000,18:12:00.000
1502,2024-03-13,Gopalganj,,04:53:00.000,18:12:00.000
1503,2024-03-14,Gopalganj,,04:52:00.000,18:13:00.000
1504,2024-03-15,Gopalganj,,04:51:00.000,18:13:00.000
1505,2024-03-16,Gopalganj,,04:50:00.000,18:14:00.000
1506,2024-03-17,Gopalganj,,04:49:00.000,18:14:00.000
1507,2024-03-18,Gopalganj,,04:48:00.000,18:14:00.000
1508,2024-03-19,Gopalganj,,04:47:00.000,18:15:00.000
1509,2024-03-20,Gopalganj,,04:46:00.000,18:15:00.000
1510,2024-03-21,Gopalganj,,04:45:00.000,18:15:00.000
1511,2024-03-22,Gopalganj,,04:44:00.000,18:16:00.000
1512,2024-03-23,Gopalganj,,04:43:00.000,18:16:00.000
1513,2024-03-24,Gopalganj,,04:42:00.000,18:16:00.000
1514,2024-03-25,Gopalganj,,04:41:00.000,18:17:00.000
1515,2024-03-26,Gopalganj,,04:39:00.000,18:17:00.000
1516,2024-03-27,Gopalganj,,04:38:00.000,18:18:00.000
1517,2024-03-28,Gopalganj,,04:37:00.000,18:18:00.000
1518,2024-03-29,Gopalganj,,04:36:00.000,18:19:00.000
1519,2024-03-30,Gopalganj,,04:34:00.000,18:19:00.000
1520,2024-03-31,Gopalganj,,04:33:00.000,18:20:00.000
1521,2024-04-01,Gopalganj,,04:32:00.000,18:20:00.000
1522,2024-04-02,Gopalganj,,04:31:00.000,18:21:00.000
1523,2024-04-03,Gopalganj,,04:30:00.000,18:21:00.000
1524,2024-04-04,Gopalganj,,04:29:00.000,18:21:00.000
1525,2024-04-05,Gopalganj,,04:27:00.000,18:22:00.000
1526,2024-04-06,Gopalganj,,04:27:00.000,18:22:00.000
1527,2024-04-07,Gopalganj,,04:26:00.000,18:23:00.000
1528,2024-04-08,Gopalganj,,04:25:00.000,18:23:00.000
1529,2024-04-09,Gopalganj,,04:24:00.000,18:23:00.000
1530,2024-04-10,Gopalganj,,04:23:00.000,18:24:00.000
1531,2024-03-12,Faridpur,,04:53:00.000,18:12:00.000
1532,2024-03-13,Faridpur,,04:52:00.000,18:12:00.000
1533,2024-03-14,Faridpur,,04:51:00.000,18:13:00.000
1534,2024-03-15,Faridpur,,04:50:00.000,18:13:00.000
1535,2024-03-16,Faridpur,,04:49:00.000,18:14:00.000
1536,2024-03-17,Faridpur,,04:48:00.000,18:14:00.000
1537,2024-03-18,Faridpur,,04:47:00.000,18:14:00.000
1538,2024-03-19,Faridpur,,04:46:00.000,18:15:00.000
1539,2024-03-20,Faridpur,,04:45:00.000,18:15:00.000
1540,2024-03-21,Faridpur,,04:44:00.000,18:15:00.000
1541,2024-03-22,Faridpur,,04:43:00.000,18:16:00.000
1542,2024-03-23,Faridpur,,04:42:00.000,18:16:00.000
1543,2024-03-24,Faridpur,,04:41:00.000,18:16:00.000
1544,2024-03-25,Faridpur,,04:40:00.000,18:17:00.000
1545,2024-03-26,Faridpur,,04:38:00.000,18:17:00.000
1546,2024-03-27,Faridpur,,04:37:00.000,18:18:00.000
1547,2024-03-28,Faridpur,,04:36:00.000,18:18:00.000
1548,2024-03-29,Faridpur,,04:35:00.000,18:19:00.000
1549,2024-03-30,Faridpur,,04:33:00.000,18:19:00.000
1550,2024-03-31,Faridpur,,04:32:00.000,18:20:00.000
1551,2024-04-01,Faridpur,,04:31:00.000,18:20:00.000
1552,2024-04-02,Faridpur,,04:30:00.000,18:21:00.000
1553,2024-04-03,Faridpur,,04:29:00.000,18:21:00.000
1554,2024-04-04,Faridpur,,04:28:00.000,18:21:00.000
1555,2024-04-05,Faridpur,,04:26:00.000,18:22:00.000
1556,2024-04-06,Faridpur,,04:26:00.000,18:22:00.000
1557,2024-04-07,Faridpur,,04:25:00.000,18:23:00.000
1558,2024-04-08,Faridpur,,04:24:00.000,18:23:00.000
1559,2024-04-09,Faridpur,,04:23:00.000,18:23:00.000
1560,2024-04-10,Faridpur,,04:22:00.000,18:24:00.000
1561,2024-03-12,Panchagarh,,04:57:00.000,18:18:00.000
1562,2024-03-13,Panchagarh,,04:56:00.000,18:18:00.000
1563,2024-03-14,Panchagarh,,04:55:00.000,18:19:00.000
1564,2024-03-15,Panchagarh,,04:54:00.000,18:19:00.000
1565,2024-03-16,Panchagarh,,04:53:00.000,18:20:00.000
1566,2024-03-17,Panchagarh,,04:52:00.000,18:20:00.000
1567,2024-03-18,Panchagarh,,04:51:00.000,18:20:00.000
1568,2024-03-19,Panchagarh,,04:50:00.000,18:21:00.000
1569,2024-03-20,Panchagarh,,04:49:00.000,18:21:00.000
1570,2024-03-21,Panchagarh,,04:48:00.000,18:21:00.000
1571,2024-03-22,Panchagarh,,04:47:00.000,18:22:00.000
1572,2024-03-23,Panchagarh,,04:46:00.000,18:22:00.000
1573,2024-03-24,Panchagarh,,04:45:00.000,18:22:00.000
1574,2024-03-25,Panchagarh,,04:44:00.000,18:23:00.000
1575,2024-03-26,Panchagarh,,04:42:00.000,18:23:00.000
1576,2024-03-27,Panchagarh,,04:41:00.000,18:24:00.000
1577,2024-03-28,Panchagarh,,04:40:00.000,18:24:00.000
1578,2024-03-29,Panchagarh,,04:39:00.000,18:25:00.000
1579,2024-03-30,Panchagarh,,04:37:00.000,18:25:00.000
1580,2024-03-31,Panchagarh,,04:36:00.000,18:26:00.000
1581,2024-04-01,Panchagarh,,04:35:00.000,18:26:00.000
1582,2024-04-02,Panchagarh,,04:34:00.000,18:27:00.000
1583,2024-04-03,Panchagarh,,04:33:00.000,18:27:00.000
1584,2024-04-04,Panchagarh,,04:32:00.000,18:27:00.000
1585,2024-04-05,Panchagarh,,04:30:00.000,18:28:00.000
1586,2024-04-06,Panchagarh,,04:30:00.000,18:28:00.000
1587,2024-04-07,Panchagarh,,04:29:00.000,18:29:00.000
1588,2024-04-08,Panchagarh,,04:28:00.000,18:29:00.000
1589,2024-04-09,Panchagarh,,04:27:00.000,18:29:00.000
1590,2024-04-10,Panchagarh,,04:26:00.000,18:30:00.000
1591,2024-03-12,Dinajpur,,04:56:00.000,18:17:00.000
1592,2024-03-13,Dinajpur,,04:55:00.000,18:17:00.000
1593,2024-03-14,Dinajpur,,04:54:00.000,18:18:00.000
1594,2024-03-15,Dinajpur,,04:53:00.000,18:18:00.000
1595,2024-03-16,Dinajpur,,04:52:00.000,18:19:00.000
1596,2024-03-17,Dinajpur,,04:51:00.000,18:19:00.000
1597,2024-03-18,Dinajpur,,04:50:00.000,18:19:00.000
1598,2024-03-19,Dinajpur,,04:49:00.000,18:20:00.000
1599,2024-03-20,Dinajpur,,04:48:00.000,18:20:00.000
1600,2024-03-21,Dinajpur,,04:47:00.000,18:20:00.000
1601,2024-03-22,Dinajpur,,04:46:00.000,18:21:00.000
1602,2024-03-23,Dinajpur,,04:45:00.000,18:21:00.000
1603,2024-03-24,Dinajpur,,04:44:00.000,18:21:00.000
1604,2024-03-25,Dinajpur,,04:43:00.000,18:22:00.000
1605,2024-03-26,Dinajpur,,04:41:00.000,18:22:00.000
1606,2024-03-27,Dinajpur,,04:40:00.000,18:23:00.000
1607,2024-03-28,Dinajpur,,04:39:00.000,18:23:00.000
1608,2024-03-29,Dinajpur,,04:38:00.000,18:24:00.000
1609,2024-03-30,Dinajpur,,04:36:00.000,18:24:00.000
1610,2024-03-31,Dinajpur,,04:35:00.000,18:25:00.000
1611,2024-04-01,Dinajpur,,04:34:00.000,18:25:00.000
1612,2024-04-02,Dinajpur,,04:33:00.000,18:26:00.000
1613,2024-04-03,Dinajpur,,04:32:00.000,18:26:00.000
1614,2024-04-04,Dinajpur,,04:31:00.000,18:26:00.000
1615,2024-04-05,Dinajpur,,04:29:00.000,18:27:00.000
1616,2024-04-06,Dinajpur,,04:29:00.000,18:27:00.000
1617,2024-04-07,Dinajpur,,04:28:00.000,18:28:00.000
1618,2024-04-08,Dinajpur,,04:27:00.000,18:28:00.000
1619,2024-04-09,Dinajpur,,04:26:00.000,18:28:00.000
1620,2024-04-10,Dinajpur,,04:25:00.000,18:29:00.000
1621,2024-03-12,Lalmonirhat,,04:53:00.000,18:15:00.000
1622,2024-03-13,Lalmonirhat,,04:52:00.000,18:15:00.000
1623,2024-03-14,Lalmonirhat,,04:51:00.000,18:16:00.000
1624,2024-03-15,Lalmonirhat,,04:50:00.000,18:16:00.000
1625,2024-03-16,Lalmonirhat,,04:49:00.000,18:17:00.000
1626,2024-03-17,Lalmonirhat,,04:48:00.000,18:17:00.000
1627,2024-03-18,Lalmonirhat,,04:47:00.000,18:17:00.000
1628,2024-03-19,Lalmonirhat,,04:46:00.000,18:18:00.000
1629,2024-03-20,Lalmonirhat,,04:45:00.000,18:18:00.000
1630,2024-03-21,Lalmonirhat,,04:44:00.000,18:18:00.000
1631,2024-03-22,Lalmonirhat,,04:43:00.000,18:19:00.000
1632,2024-03-23,Lalmonirhat,,04:42:00.000,18:19:00.000
1633,2024-03-24,Lalmonirhat,,04:41:00.000,18:19:00.000
1634,2024-03-25,Lalmonirhat,,04:40:00.000,18:20:00.000
1635,2024-03-26,Lalmonirhat,,04:38:00.000,18:20:00.000
1636,2024-03-27,Lalmonirhat,,04:37:00.000,18:21:00.000
1637,2024-03-28,Lalmonirhat,,04:36:00.000,18:21:00.000
1638,2024-03-29,Lalmonirhat,,04:35:00.000,18:22:00.000
1639,2024-03-30,Lalmonirhat,,04:33:00.000,18:22:00.000
1640,2024-03-31,Lalmonirhat,,04:32:00.000,18:23:00.000
1641,2024-04-01,Lalmonirhat,,04:31:00.000,18:23:00.000
1642,2024-04-02,Lalmonirhat,,04:30:00.000,18:24:00.000
1643,2024-04-03,Lalmonirhat,,04:29:00.000,18:24:00.000
1644,2024-04-04,Lalmonirhat,,04:28:00.000,18:24:00.000
1645,2024-04-05,Lalmonirhat,,04:26:00.000,18:25:00.000
1646,2024-04-06,Lalmonirhat,,04:26:00.000,18:25:00.000
1647,2024-04-07,Lalmonirhat,,04:25:00.000,18:26:00.000
1648,2024-04-08,Lalmonirhat,,04:24:00.000,18:26:00.000
1649,2024-04-09,Lalmonirhat,,04:23:00.000,18:26:00.000
1650,2024-04-10,Lalmonirhat,,04:22:00.000,18:27:00.000
1651,2024-03-12,Nilphamari,,04:55:00.000,18:17:00.000
1652,2024-03-13,Nilphamari,,04:54:00.000,18:17:00.000
1653,2024-03-14,Nilphamari,,04:53:00.000,18:18:00.000
1654,2024-03-15,Nilphamari,,04:52:00.000,18:18:00.000
1655,2024-03-16,Nilphamari,,04:51:00.000,18:19:00.000
1656,2024-03-17,Nilphamari,,04:50:00.000,18:19:00.000
1657,2024-03-18,Nilphamari,,04:49:00.000,18:19:00.000
1658,2024-03-19,Nilphamari,,04:48:00.000,18:20:00.000
1659,2024-03-20,Nilphamari,,04:47:00.000,18:20:00.000
1660,2024-03-21,Nilphamari,,04:46:00.000,18:20:00.000
1661,2024-03-22,Nilphamari,,04:45:00.000,18:21:00.000
1662,2024-03-23,Nilphamari,,04:44:00.000,18:21:00.000
1663,2024-03-24,Nilphamari,,04:43:00.000,18:21:00.000
1664,2024-03-25,Nilphamari,,04:42:00.000,18:22:00.000
1665,2024-03-26,Nilphamari,,04:40:00.000,18:22:00.000
1666,2024-03-27,Nilphamari,,04:39:00.000,18:23:00.000
1667,2024-03-28,Nilphamari,,04:38:00.000,18:23:00.000
1668,2024-03-29,Nilphamari,,04:37:00.000,18:24:00.000
1669,2024-03-30,Nilphamari,,04:35:00.000,18:24:00.000
1670,2024-03-31,Nilphamari,,04:34:00.000,18:25:00.000
1671,2024-04-01,Nilphamari,,04:33:00.000,18:25:00.000
1672,2024-04-02,Nilphamari,,04:32:00.000,18:26:00.000
1673,2024-04-03,Nilphamari,,04:31:00.000,18:26:00.000
1674,2024-04-04,Nilphamari,,04:30:00.000,18:26:00.000
1675,2024-04-05,Nilphamari,,04:28:00.000,18:27:00.000
1676,2024-04-06,Nilphamari,,04:28:00.000,18:27:00.000
1677,2024-04-07,Nilphamari,,04:27:00.000,18:28:00.000
1678,2024-04-08,Nilphamari,,04:26:00.000,18:28:00.000
1679,2024-04-09,Nilphamari,,04:25:00.000,18:28:00.000
1680,2024-04-10,Nilphamari,,04:24:00.000,18:29:00.000
1681,2024-03-12,Gaibandha,,04:52:00.000,18:13:00.000
1682,2024-03-13,Gaibandha,,04:51:00.000,18:13:00.000
1683,2024-03-14,Gaibandha,,04:50:00.000,18:14:00.000
1684,2024-03-15,Gaibandha,,04:49:00.000,18:14:00.000
1685,2024-03-16,Gaibandha,,04:48:00.000,18:15:00.000
1686,2024-03-17,Gaibandha,,04:47:00.000,18:15:00.000
1687,2024-03-18,Gaibandha,,04:46:00.000,18:15:00.000
1688,2024-03-19,Gaibandha,,04:45:00.000,18:16:00.000
1689,2024-03-20,Gaibandha,,04:44:00.000,18:16:00.000
1690,2024-03-21,Gaibandha,,04:43:00.000,18:16:00.000
1691,2024-03-22,Gaibandha,,04:42:00.000,18:17:00.000
1692,2024-03-23,Gaibandha,,04:41:00.000,18:17:00.000
1693,2024-03-24,Gaibandha,,04:40:00.000,18:17:00.000
1694,2024-03-25,Gaibandha,,04:39:00.000,18:18:00.000
1695,2024-03-26,Gaibandha,,04:37:00.000,18:18:00.000
1696,2024-03-27,Gaibandha,,04:36:00.000,18:19:00.000
1697,2024-03-28,Gaibandha,,04:35:00.000,18:19:00.000
1698,2024-03-29,Gaibandha,,04:34:00.000,18:20:00.000
1699,2024-03-30,Gaibandha,,04:32:00.000,18:20:00.000
1700,2024-03-31,Gaibandha,,04:31:00.000,18:21:00.000
1701,2024-04-01,Gaibandha,,04:30:00.000,18:21:00.000
1702,2024-04-02,Gaibandha,,04:29:00.000,18:22:00.000
1703,2024-04-03,Gaibandha,,04:28:00.000,18:22:00.000
1704,2024-04-04,Gaibandha,,04:27:00.000,18:22:00.000
1705,2024-04-05,Gaibandha,,04:25:00.000,18:23:00.000
1706,2024-04-06,Gaibandha,,04:25:00.000,18:23:00.000
1707,2024-04-07,Gaibandha,,04:24:00.000,18:24:00.000
1708,2024-04-08,Gaibandha,,04:23:00.000,18:24:00.000
1709,2024-04-09,Gaibandha,,04:22:00.000,18:24:00.000
1710,2024-04-10,Gaibandha,,04:21:00.000,18:25:00.000
1711,2024-03-12,Thakurgaon,,04:57:00.000,18:19:00.000
1712,2024-03-13,Thakurgaon,,04:56:00.000,18:19:00.000
1713,2024-03-14,Thakurgaon,,04:55:00.000,18:20:00.000
1714,2024-03-15,Thakurgaon,,04:54:00.000,18:20:00.000
1715,2024-03-16,Thakurgaon,,04:53:00.000,18:21:00.000
1716,2024-03-17,Thakurgaon,,04:52:00.000,18:21:00.000
1717,2024-03-18,Thakurgaon,,04:51:00.000,18:21:00.000
1718,2024-03-19,Thakurgaon,,04:50:00.000,18:22:00.000
1719,2024-03-20,Thakurgaon,,04:49:00.000,18:22:00.000
1720,2024-03-21,Thakurgaon,,04:48:00.000,18:22:00.000
1721,2024-03-22,Thakurgaon,,04:47:00.000,18:23:00.000
1722,2024-03-23,Thakurgaon,,04:46:00.000,18:23:00.000
1723,2024-03-24,Thakurgaon,,04:45:00.000,18:23:00.000
1724,2024-03-25,Thakurgaon,,04:44:00.000,18:24:00.000
1725,2024-03-26,Thakurgaon,,04:42:00.000,18:24:00.000
1726,2024-03-27,Thakurgaon,,04:41:00.000,18:25:00.000
1727,2024-03-28,Thakurgaon,,04:40:00.000,18:25:00.000
1728,2024-03-29,Thakurgaon,,04:39:00.000,18:26:00.000
1729,2024-03-30,Thakurgaon,,04:37:00.000,18:26:00.000
1730,2024-03-31,Thakurgaon,,04:36:00.000,18:27:00.000
1731,2024-04-01,Thakurgaon,,04:35:00.000,18:27:00.000
1732,2024-04-02,Thakurgaon,,04:34:00.000,18:28:00.000
1733,2024-04-03,Thakurgaon,,04:33:00.000,18:28:00.000
1734,2024-04-04,Thakurgaon,,04:32:00.000,18:28:00.000
1735,2024-04-05,Thakurgaon,,04:30:00.000,18:29:00.000
1736,2024-04-06,Thakurgaon,,04:30:00.000,18:29:00.000
1737,2024-04-07,Thakurgaon,,04:29:00.000,18:30:00.000
1738,2024-04-08,Thakurgaon,,04:28:00.000,18:30:00.000
1739,2024-04-09,Thakurgaon,,04:27:00.000,18:30:00.000
1740,2024-04-10,Thakurgaon,,04:26:00.000,18:31:00.000
1741,2024-03-12,Rangpur,,04:55:00.000,18:15:00.000
1742,2024-03-13,Rangpur,,04:54:00.000,18:15:00.000
1743,2024-03-14,Rangpur,,04:53:00.000,18:16:00.000
1744,2024-03-15,Rangpur,,04:52:00.000,18:16:00.000
1745,2024-03-16,Rangpur,,04:51:00.000,18:17:00.000
1746,2024-03-17,Rangpur,,04:50:00.000,18:17:00.000
1747,2024-03-18,Rangpur,,04:49:00.000,18:17:00.000
1748,2024-03-19,Rangpur,,04:48:00.000,18:18:00.000
1749,2024-03-20,Rangpur,,04:47:00.000,18:18:00.000
1750,2024-03-21,Rangpur,,04:46:00.000,18:18:00.000
1751,2024-03-22,Rangpur,,04:45:00.000,18:19:00.000
1752,2024-03-23,Rangpur,,04:44:00.000,18:19:00.000
1753,2024-03-24,Rangpur,,04:43:00.000,18:19:00.000
1754,2024-03-25,Rangpur,,04:42:00.000,18:20:00.000
1755,2024-03-26,Rangpur,,04:40:00.000,18:20:00.000
1756,2024-03-27,Rangpur,,04:39:00.000,18:21:00.000
1757,2024-03-28,Rangpur,,04:38:00.000,18:21:00.000
1758,2024-03-29,Rangpur,,04:37:00.000,18:22:00.000
1759,2024-03-30,Rangpur,,04:35:00.000,18:22:00.000
1760,2024-03-31,Rangpur,,04:34:00.000,18:23:00.000
1761,2024-04-01,Rangpur,,04:33:00.000,18:23:00.000
1762,2024-04-02,Rangpur,,04:32:00.000,18:24:00.000
1763,2024-04-03,Rangpur,,04:31:00.000,18:24:00.000
1764,2024-04-04,Rangpur,,04:30:00.000,18:24:00.000
1765,2024-04-05,Rangpur,,04:28:00.000,18:25:00.000
1766,2024-04-06,Rangpur,,04:28:00.000,18:25:00.000
1767,2024-04-07,Rangpur,,04:27:00.000,18:26:00.000
1768,2024-04-08,Rangpur,,04:26:00.000,18:26:00.000
1769,2024-04-09,Rangpur,,04:25:00.000,18:26:00.000
1770,2024-04-10,Rangpur,,04:24:00.000,18:27:00.000
1771,2024-03-12,Kurigram,,04:52:00.000,18:14:00.000
1772,2024-03-13,Kurigram,,04:51:00.000,18:14:00.000
1773,2024-03-14,Kurigram,,04:50:00.000,18:15:00.000
1774,2024-03-15,Kurigram,,04:49:00.000,18:15:00.000
1775,2024-03-16,Kurigram,,04:48:00.000,18:16:00.000
1776,2024-03-17,Kurigram,,04:47:00.000,18:16:00.000
1777,2024-03-18,Kurigram,,04:46:00.000,18:16:00.000
1778,2024-03-19,Kurigram,,04:45:00.000,18:17:00.000
1779,2024-03-20,Kurigram,,04:44:00.000,18:17:00.000
1780,2024-03-21,Kurigram,,04:43:00.000,18:17:00.000
1781,2024-03-22,Kurigram,,04:42:00.000,18:18:00.000
1782,2024-03-23,Kurigram,,04:41:00.000,18:18:00.000
1783,2024-03-24,Kurigram,,04:40:00.000,18:18:00.000
1784,2024-03-25,Kurigram,,04:39:00.000,18:19:00.000
1785,2024-03-26,Kurigram,,04:37:00.000,18:19:00.000
1786,2024-03-27,Kurigram,,04:36:00.000,18:20:00.000
1787,2024-03-28,Kurigram,,04:35:00.000,18:20:00.000
1788,2024-03-29,Kurigram,,04:34:00.000,18:21:00.000
1789,2024-03-30,Kurigram,,04:32:00.000,18:21:00.000
1790,2024-03-31,Kurigram,,04:31:00.000,18:22:00.000
1791,2024-04-01,Kurigram,,04:30:00.000,18:22:00.000
1792,2024-04-02,Kurigram,,04:29:00.000,18:23:00.000
1793,2024-04-03,Kurigram,,04:28:00.000,18:23:00.000
1794,2024-04-04,Kurigram,,04:27:00.000,18:23:00.000
1795,2024-04-05,Kurigram,,04:25:00.000,18:24:00.000
1796,2024-04-06,Kurigram,,04:25:00.000,18:24:00.000
1797,2024-04-07,Kurigram,,04:24:00.000,18:25:00.000
1798,2024-04-08,Kurigram,,04:23:00.000,18:25:00.000
1799,2024-04-09,Kurigram,,04:22:00.000,18:25:00.000
1800,2024-04-10,Kurigram,,04:21:00.000,18:26:00.000
1801,2024-03-12,Sherpur,,04:52:00.000,18:12:00.000
1802,2024-03-13,Sherpur,,04:51:00.000,18:12:00.000
1803,2024-03-14,Sherpur,,04:50:00.000,18:13:00.000
1804,2024-03-15,Sherpur,,04:49:00.000,18:13:00.000
1805,2024-03-16,Sherpur,,04:48:00.000,18:14:00.000
1806,2024-03-17,Sherpur,,04:47:00.000,18:14:00.000
1807,2024-03-18,Sherpur,,04:46:00.000,18:14:00.000
1808,2024-03-19,Sherpur,,04:45:00.000,18:15:00.000
1809,2024-03-20,Sherpur,,04:44:00.000,18:15:00.000
1810,2024-03-21,Sherpur,,04:43:00.000,18:15:00.000
1811,2024-03-22,Sherpur,,04:42:00.000,18:16:00.000
1812,2024-03-23,Sherpur,,04:41:00.000,18:16:00.000
1813,2024-03-24,Sherpur,,04:40:00.000,18:16:00.000
1814,2024-03-25,Sherpur,,04:39:00.000,18:17:00.000
1815,2024-03-26,Sherpur,,04:37:00.000,18:17:00.000
1816,2024-03-27,Sherpur,,04:36:00.000,18:18:00.000
1817,2024-03-28,Sherpur,,04:35:00.000,18:18:00.000
1818,2024-03-29,Sherpur,,04:34:00.000,18:19:00.000
1819,2024-03-30,Sherpur,,04:32:00.000,18:19:00.000
1820,2024-03-31,Sherpur,,04:31:00.000,18:20:00.000
1821,2024-04-01,Sherpur,,04:30:00.000,18:20:00.000
1822,2024-04-02,Sherpur,,04:29:00.000,18:21:00.000
1823,2024-04-03,Sherpur,,04:28:00.000,18:21:00.000
1824,2024-04-04,Sherpur,,04:27:00.000,18:21:00.000
1825,2024-04-05,Sherpur,,04:25:00.000,18:22:00.000
1826,2024-04-06,Sherpur,,04:25:00.000,18:22:00.000
1827,2024-04-07,Sherpur,,04:24:00.000,18:23:00.000
1828,2024-04-08,Sherpur,,04:23:00.000,18:23:00.000
1829,2024-04-09,Sherpur,,04:22:00.000,18:23:00.000
1830,2024-04-10,Sherpur,,04:21:00.000,18:24:00.000
1831,2024-03-12,Mymensingh,,04:50:00.000,18:10:00.000
1832,2024-03-13,Mymensingh,,04:49:00.000,18:10:00.000
1833,2024-03-14,Mymensingh,,04:48:00.000,18:11:00.000
1834,2024-03-15,Mymensingh,,04:47:00.000,18:11:00.000
1835,2024-03-16,Mymensingh,,04:46:00.000,18:12:00.000
1836,2024-03-17,Mymensingh,,04:45:00.000,18:12:00.000
1837,2024-03-18,Mymensingh,,04:44:00.000,18:12:00.000
1838,2024-03-19,Mymensingh,,04:43:00.000,18:13:00.000
1839,2024-03-20,Mymensingh,,04:42:00.000,18:13:00.000
1840,2024-03-21,Mymensingh,,04:41:00.000,18:13:00.000
1841,2024-03-22,Mymensingh,,04:40:00.000,18:14:00.000
1842,2024-03-23,Mymensingh,,04:39:00.000,18:14:00.000
1843,2024-03-24,Mymensingh,,04:38:00.000,18:14:00.000
1844,2024-03-25,Mymensingh,,04:37:00.000,18:15:00.000
1845,2024-03-26,Mymensingh,,04:35:00.000,18:15:00.000
1846,2024-03-27,Mymensingh,,04:34:00.000,18:16:00.000
1847,2024-03-28,Mymensingh,,04:33:00.000,18:16:00.000
1848,2024-03-29,Mymensingh,,04:32:00.000,18:17:00.000
1849,2024-03-30,Mymensingh,,04:30:00.000,18:17:00.000
1850,2024-03-31,Mymensingh,,04:29:00.000,18:18:00.000
1851,2024-04-01,Mymensingh,,04:28:00.000,18:18:00.000
1852,2024-04-02,Mymensingh,,04:27:00.000,18:19:00.000
1853,2024-04-03,Mymensingh,,04:26:00.000,18:19:00.000
1854,2024-04-04,Mymensingh,,04:25:00.000,18:19:00.000
1855,2024-04-05,Mymensingh,,04:23:00.000,18:20:00.000
1856,2024-04-06,Mymensingh,,04:23:00.000,18:20:00.000
1857,2024-04-07,Mymensingh,,04:22:00.000,18:21:00.000
1858,2024-04-08,Mymensingh,,04:21:00.000,18:21:00.000
1859,2024-04-09,Mymensingh,,04:20:00.000,18:21:00.000
1860,2024-04-10,Mymensingh,,04:19:00.000,18:22:00.000
1861,2024-03-12,Jamalpur,,04:52:00.000,18:12:00.000
1862,2024-03-13,Jamalpur,,04:51:00.000,18:12:00.000
1863,2024-03-14,Jamalpur,,04:50:00.000,18:13:00.000
1864,2024-03-15,Jamalpur,,04:49:00.000,18:13:00.000
1865,2024-03-16,Jamalpur,,04:48:00.000,18:14:00.000
1866,2024-03-17,Jamalpur,,04:47:00.000,18:14:00.000
1867,2024-03-18,Jamalpur,,04:46:00.000,18:14:00.000
1868,2024-03-19,Jamalpur,,04:45:00.000,18:15:00.000
1869,2024-03-20,Jamalpur,,04:44:00.000,18:15:00.000
1870,2024-03-21,Jamalpur,,04:43:00.000,18:15:00.000
1871,2024-03-22,Jamalpur,,04:42:00.000,18:16:00.000
1872,2024-03-23,Jamalpur,,04:41:00.000,18:16:00.000
1873,2024-03-24,Jamalpur,,04:40:00.000,18:16:00.000
1874,2024-03-25,Jamalpur,,04:39:00.000,18:17:00.000
1875,2024-03-26,Jamalpur,,04:37:00.000,18:17:00.000
1876,2024-03-27,Jamalpur,,04:36:00.000,18:18:00.000
1877,2024-03-28,Jamalpur,,04:35:00.000,18:18:00.000
1878,2024-03-29,Jamalpur,,04:34:00.000,18:19:00.000
1879,2024-03-30,Jamalpur,,04:32:00.000,18:19:00.000
1880,2024-03-31,Jamalpur,,04:31:00.000,18:20:00.000
1881,2024-04-01,Jamalpur,,04:30:00.000,18:20:00.000
1882,2024-04-02,Jamalpur,,04:29:00.000,18:21:00.000
1883,2024-04-03,Jamalpur,,04:28:00.000,18:21:00.000
1884,2024-04-04,Jamalpur,,04:27:00.000,18:21:00.000
1885,2024-04-05,Jamalpur,,04:25:00.000,18:22:00.000
1886,2024-04-06,Jamalpur,,04:25:00.000,18:22:00.000
1887,2024-04-07,Jamalpur,,04:24:00.000,18:23:00.000
1888,2024-04-08,Jamalpur,,04:23:00.000,18:23:00.000
1889,2024-04-09,Jamalpur,,04:22:00.000,18:23:00.000
1890,2024-04-10,Jamalpur,,04:21:00.000,18:24:00.000
1891,2024-03-12,Netrokona,,04:48:00.000,18:09:00.000
1892,2024-03-13,Netrokona,,04:47:00.000,18:09:00.000
1893,2024-03-14,Netrokona,,04:46:00.000,18:10:00.000
1894,2024-03-15,Netrokona,,04:45:00.000,18:10:00.000
1895,2024-03-16,Netrokona,,04:44:00.000,18:11:00.000
1896,2024-03-17,Netrokona,,04:43:00.000,18:11:00.000
1897,2024-03-18,Netrokona,,04:42:00.000,18:11:00.000
1898,2024-03-19,Netrokona,,04:41:00.000,18:12:00.000
1899,2024-03-20,Netrokona,,04:40:00.000,18:12:00.000
1900,2024-03-21,Netrokona,,04:39:00.000,18:12:00.000
1901,2024-03-22,Netrokona,,04:38:00.000,18:13:00.000
1902,2024-03-23,Netrokona,,04:37:00.000,18:13:00.000
1903,2024-03-24,Netrokona,,04:36:00.000,18:13:00.000
1904,2024-03-25,Netrokona,,04:35:00.000,18:14:00.000
1905,2024-03-26,Netrokona,,04:33:00.000,18:14:00.000
1906,2024-03-27,Netrokona,,04:32:00.000,18:15:00.000
1907,2024-03-28,Netrokona,,04:31:00.000,18:15:00.000
1908,2024-03-29,Netrokona,,04:30:00.000,18:16:00.000
1909,2024-03-30,Netrokona,,04:28:00.000,18:16:00.000
1910,2024-03-31,Netrokona,,04:27:00.000,18:17:00.000
1911,2024-04-01,Netrokona,,04:26:00.000,18:17:00.000
1912,2024-04-02,Netrokona,,04:25:00.000,18:18:00.000
1913,2024-04-03,Netrokona,,04:24:00.000,18:18:00.000
1914,2024-04-04,Netrokona,,04:23:00.000,18:18:00.000
1915,2024-04-05,Netrokona,,04:21:00.000,18:19:00.000
1916,2024-04-06,Netrokona,,04:21:00.000,18:19:00.000
1917,2024-04-07,Netrokona,,04:20:00.000,18:20:00.000
1918,2024-04-08,Netrokona,,04:19:00.000,18:20:00.000
1919,2024-04-09,Netrokona,,04:18:00.000,18:20:00.000
1920,2024-04-10,Netrokona,,04:17:00.000,18:21:00.000
